condition,threshold_scope,high_production_threshold,evaluation_role,n_hours,P,N,TP,FN,FP,TN,miss_rate,false_alarm_rate,precision,recall,f1,mae,peak_mae,peak15_mae,peak15_mae_all,n_days,peak_rate,mean_peak_kw,sparse_cell,ci_n_boot,ci_cluster_dates,ci_condition_dates,miss_rate_ci_low,miss_rate_ci_high,miss_rate_valid_replicates,miss_rate_na_fraction,false_alarm_rate_ci_low,false_alarm_rate_ci_high,false_alarm_rate_valid_replicates,false_alarm_rate_na_fraction,precision_ci_low,precision_ci_high,precision_valid_replicates,precision_na_fraction,recall_ci_low,recall_ci_high,recall_valid_replicates,recall_na_fraction,f1_ci_low,f1_ci_high,f1_valid_replicates,f1_na_fraction,mae_ci_low,mae_ci_high,mae_valid_replicates,mae_na_fraction
all,all_selected_OOF_descriptive_only,665.5,internal_descriptive,1279,156,1123,129,27,118,1005,0.173076923076923,0.1050756901157613,0.5222672064777328,0.8269230769230768,0.6401985111662531,11.044025770081234,17.446630515214494,17.784200819197505,12.06495292875676,54,0.1219702892885066,98.77482408131353,False,2000,54,54,0.0802908443723528,0.272739692001987,2000,0.0,0.0719165326017792,0.1413484118057524,2000,0.0,0.3968209630220803,0.644700460829493,2000,0.0,0.7272603079980128,0.9197091556276472,2000,0.0,0.5332876712328766,0.733167623241246,2000,0.0,6.812986091286056,16.46747780966435,2000,0.0
production_zero,all_selected_OOF_descriptive_only,665.5,internal_descriptive,546,2,544,0,2,16,528,1.0,0.0294117647058823,0.0,0.0,0.0,12.08181657915222,16.35684706586855,26.04248613326051,13.720099012490904,46,0.0036630036630036,33.20695970695971,False,2000,54,46,1.0,1.0,1276,0.3619999999999999,0.0,0.071704067321178,2000,0.0,0.0,0.0,1728,0.136,0.0,0.0,1276,0.3619999999999999,0.0,0.0,1904,0.048,2.634007911894519,24.725773318353035,2000,0.0
production_positive,all_selected_OOF_descriptive_only,665.5,internal_descriptive,733,154,579,129,25,102,477,0.1623376623376623,0.1761658031088082,0.5584415584415584,0.8376623376623376,0.6701298701298701,10.27099196141444,17.46078354702418,17.67695036057331,10.832061030095312,39,0.2100954979536152,147.61527967257845,False,2000,54,39,0.074323359073359,0.2608695652173913,2000,0.0,0.1300854009349155,0.2214623757401933,2000,0.0,0.4357503000038709,0.6814208897178458,2000,0.0,0.7391304347826086,0.9256766409266408,2000,0.0,0.5644051091219953,0.7621273305744671,2000,0.0,8.626088706413283,12.072205986551989,2000,0.0
production_high,all_selected_OOF_descriptive_only,665.5,internal_descriptive,320,124,196,104,20,85,111,0.1612903225806451,0.433673469387755,0.5502645502645502,0.8387096774193548,0.6645367412140574,12.857873875551489,18.46679664555372,18.562411633366946,13.169285541391906,37,0.3875,177.39375,False,2000,54,37,0.0747588983893418,0.2727272727272727,2000,0.0,0.3333333333333333,0.5213701431492843,2000,0.0,0.4161643461643461,0.6795690607734806,2000,0.0,0.7272727272727272,0.925241101610658,2000,0.0,0.5487287956789602,0.7656835896355592,2000,0.0,10.30075201184384,15.891476634606088,2000,0.0
hour_08,all_selected_OOF_descriptive_only,665.5,internal_descriptive,53,23,30,22,1,12,18,0.0434782608695652,0.4,0.6470588235294118,0.9565217391304348,0.7719298245614034,15.642314339215371,17.88335039215623,18.198279454423226,16.50322829856664,53,0.4339622641509434,131.0754716981132,False,2000,54,53,0.0,0.1428571428571428,2000,0.0,0.2307142857142857,0.586206896551724,2000,0.0,0.479875,0.8001219512195115,2000,0.0,0.8571428571428571,1.0,2000,0.0,0.6363636363636364,0.8813559322033898,2000,0.0,8.22911372443429,24.279141068240083,2000,0.0
hour_13,all_selected_OOF_descriptive_only,665.5,internal_descriptive,54,16,38,14,2,18,20,0.125,0.4736842105263157,0.4375,0.875,0.5833333333333333,13.517631149400692,16.85697793601837,18.3171350615626,15.082248320383329,54,0.2962962962962962,123.64814814814817,False,2000,54,54,0.0,0.3076923076923077,2000,0.0,0.3142857142857142,0.6316431322207954,2000,0.0,0.2666176470588235,0.6071428571428571,2000,0.0,0.6923076923076922,1.0,2000,0.0,0.4,0.7368421052631579,2000,0.0,6.818761507728915,21.55197294072933,2000,0.0
hour_17_18,all_selected_OOF_descriptive_only,665.5,internal_descriptive,107,7,100,0,7,4,96,1.0,0.04,0.0,0.0,0.0,13.180735207424634,20.62484091512019,26.160738974590377,15.068462290079909,54,0.0654205607476635,112.196261682243,False,2000,54,54,1.0,1.0,1970,0.015,0.0,0.0927835051546391,2000,0.0,0.0,0.0,1886,0.057,0.0,0.0,1970,0.015,0.0,0.0,1998,0.001,7.423028866634612,20.32636395617988,2000,0.0
daytime_09_17,all_selected_OOF_descriptive_only,665.5,internal_descriptive,484,129,355,107,22,104,251,0.1705426356589147,0.2929577464788732,0.5071090047393365,0.8294573643410853,0.6294117647058823,13.520642019041189,17.141770353263933,17.450896546225753,14.74814610033276,54,0.2665289256198347,118.95661157024792,False,2000,54,54,0.0769047619047619,0.2719298245614035,2000,0.0,0.2,0.3895610545641949,2000,0.0,0.3806958173776233,0.6328903300450613,2000,0.0,0.7280701754385965,0.923095238095238,2000,0.0,0.5194627897699569,0.729738414507052,2000,0.0,7.438198074161299,21.16751149812323,2000,0.0
nighttime,all_selected_OOF_descriptive_only,665.5,internal_descriptive,795,27,768,22,5,14,754,0.1851851851851851,0.0182291666666666,0.611111111111111,0.8148148148148147,0.6984126984126983,9.536249336752151,18.903184622311617,19.376654567840333,10.43141142555829,54,0.0339622641509433,86.48805031446541,False,2000,54,54,0.0476190476190476,0.3076923076923077,2000,0.0,0.0104712041884816,0.0269585042454402,2000,0.0,0.4545454545454545,0.7600476190476187,2000,0.0,0.6923076923076922,0.9523809523809524,2000,0.0,0.5769230769230768,0.8,2000,0.0,6.171388853594278,14.034146303909557,2000,0.0
shutdown,all_selected_OOF_descriptive_only,665.5,internal_descriptive,349,0,349,0,0,16,333,,0.0458452722063037,0.0,,0.0,16.277803172047342,,,18.05257612991949,15,0.0,23.28939828080229,False,2000,54,15,,,0,1.0,0.0,0.1140292249998297,2000,0.0,0.0,0.0,1728,0.136,,,0,1.0,0.0,0.0,1728,0.136,1.0380799347077827,36.79033232519804,2000,0.0
operating,all_selected_OOF_descriptive_only,665.5,internal_descriptive,930,156,774,129,27,102,672,0.173076923076923,0.1317829457364341,0.5584415584415584,0.8269230769230768,0.6666666666666666,9.079952314934813,17.446630515214494,17.784200819197505,9.817984652191392,39,0.1677419354838709,127.10215053763442,False,2000,54,39,0.0802908443723528,0.272739692001987,2000,0.0,0.0918046172430763,0.173149522586857,2000,0.0,0.4357503000038709,0.6814208897178458,2000,0.0,0.7272603079980128,0.9197091556276472,2000,0.0,0.5628089533417401,0.7553123968620679,2000,0.0,7.691436749902685,10.59006742530078,2000,0.0
first_day_after_shutdown,all_selected_OOF_descriptive_only,665.5,internal_descriptive,168,32,136,19,13,24,112,0.40625,0.1764705882352941,0.441860465116279,0.59375,0.5066666666666667,10.813775725829084,22.3204705173341,21.117181378461197,12.134116056038312,7,0.1904761904761904,117.74404761904762,False,2000,54,7,0.0,0.7741935483870968,1991,0.0044999999999999,0.0804137931034482,0.270881749829118,1997,0.0014999999999999,0.1490625,0.7105263157894736,1992,0.004,0.2258064516129032,1.0,1991,0.0044999999999999,0.1752860411899313,0.7144167758846656,1997,0.0014999999999999,5.9720673666044295,17.324830619700847,1997,0.0014999999999999
