ID,변형,조건,피처수,OOF MAE,Peak-MAE,Recall,F1,Peak15-MAE,Peak-n,평가 성격,FP,FN,fold 표준편차,fold2,fold3,fold4,fold5,정상일 MAE,토요일 MAE,상위2일 제외 MAE,ΔOOF MAE,ΔPeak-MAE,ΔRecall,ΔF1,Δfold 표준편차,Δfold2,Δfold3,Δfold4,Δfold5,Δ정상일 MAE,Δ토요일 MAE,Δ상위2일 제외 MAE,ΔMAE CI 하한,ΔMAE CI 상한,p,ΔMAE 90% CI 하한(사후),ΔMAE 90% CI 상한(사후),p 산출법,개선 fold 수,① CI가 0 미포함,② 정상 fold 악화 ≤ 잡음,③ 정상일 악화 ≤ 잡음,④ Recall·Peak-MAE,①~④ 통과,구분,잡음 초과 개선·3/4 fold
LOFO-y_avg_lag24,평균전력 24시간 전 제거,D1,43,10.978699,17.323503,0.730769,0.633333,19.169548,156,HPO·변수선택·임계값 조정에 사용한 내부 검증(독립 평가 아님),90,42,8.106674,7.134701,22.900982,7.2122,5.858724,6.946551,7.451891,7.549708,-0.065326,-0.123128,-0.096154,-0.006865,-0.314707,0.152576,-0.512724,-0.102875,0.248736,-0.018686,-0.147776,-0.0162,-0.322154,0.20183,0.594,-0.284716,0.163924,양측 부트스트랩 꼬리비율 근사,2.0,False,False,True,False,False,개별 변수 제거,False
LOFO-y_avg_lag48,평균전력 48시간 전 제거,D1,43,10.731883,16.893111,0.826923,0.630807,18.134489,156,HPO·변수선택·임계값 조정에 사용한 내부 검증(독립 평가 아님),124,27,8.31275,6.941276,22.952386,6.836923,5.384902,6.790955,7.055736,7.328597,-0.312142,-0.553519,0.0,-0.009392,-0.108631,-0.04085,-0.46132,-0.478152,-0.225086,-0.174283,-0.543931,-0.237311,-0.541452,-0.081418,0.006,-0.509357,-0.111554,양측 부트스트랩 꼬리비율 근사,4.0,True,True,True,True,True,개별 변수 제거,True
LOFO-y_avg_lag168,평균전력 168시간 전 제거,D1,43,11.014851,18.764832,0.858974,0.653659,18.224054,156,HPO·변수선택·임계값 조정에 사용한 내부 검증(독립 평가 아님),120,22,8.477142,6.995549,23.432694,7.502596,5.263381,6.981516,7.685846,7.662968,-0.029175,1.318202,0.032051,0.01346,0.05576,0.013424,0.018988,0.18752,-0.346607,0.016278,0.086179,0.097059,-0.423687,0.399447,0.866,-0.370093,0.328916,양측 부트스트랩 꼬리비율 근사,1.0,False,True,True,False,False,개별 변수 제거,False
LOFO-y_peak_lag24,peak15 24시간 전 제거,D1,43,10.7131,17.144912,0.801282,0.639386,18.06277,156,HPO·변수선택·임계값 조정에 사용한 내부 검증(독립 평가 아님),110,31,8.447425,6.964327,23.138937,6.605554,5.335986,6.766539,7.351839,7.286922,-0.330926,-0.301719,-0.025641,-0.000812,0.026043,-0.017799,-0.274769,-0.709521,-0.274002,-0.198699,-0.247828,-0.278987,-0.556661,-0.129143,0.002,-0.516976,-0.153782,양측 부트스트랩 꼬리비율 근사,4.0,True,True,True,False,False,개별 변수 제거,True
LOFO-y_peak_lag48,peak15 48시간 전 제거,D1,43,10.987802,17.979332,0.782051,0.64042,18.001983,156,HPO·변수선택·임계값 조정에 사용한 내부 검증(독립 평가 아님),103,34,8.342837,7.19838,23.223645,7.331555,5.372158,7.015956,7.703578,7.601129,-0.056223,0.532701,-0.044872,0.000221,-0.078544,0.216255,-0.190061,0.01648,-0.23783,0.050718,0.103912,0.03522,-0.263024,0.114157,0.608,-0.222089,0.092975,양측 부트스트랩 꼬리비율 근사,2.0,False,True,True,False,False,개별 변수 제거,False
LOFO-y_peak_lag168,peak15 168시간 전 제거,D1,43,10.91138,17.321998,0.852564,0.651961,19.081557,156,HPO·변수선택·임계값 조정에 사용한 내부 검증(독립 평가 아님),119,23,8.31216,7.215456,23.10902,7.163639,5.34793,6.806693,7.844365,7.467206,-0.132646,-0.124632,0.025641,0.011762,-0.109222,0.233331,-0.304686,-0.151436,-0.262058,-0.158545,0.244698,-0.098703,-0.356556,0.075143,0.209,-0.310221,0.041422,양측 부트스트랩 꼬리비율 근사,3.0,False,False,True,True,False,개별 변수 제거,False
LOFO-roll24_avg_mean,직전24h 평균전력 평균 제거,D1,43,10.995182,17.253834,0.839744,0.651741,18.033037,156,HPO·변수선택·임계값 조정에 사용한 내부 검증(독립 평가 아님),115,25,8.258673,7.075445,23.088934,7.604613,5.367014,6.844336,7.364977,7.584567,-0.048844,-0.192796,0.012821,0.011543,-0.162709,0.093319,-0.324772,0.289538,-0.242974,-0.120902,-0.23469,0.018659,-0.364574,0.285984,0.694,-0.319888,0.236639,양측 부트스트랩 꼬리비율 근사,2.0,False,True,True,True,False,개별 변수 제거,False
LOFO-roll24_avg_max,직전24h 평균전력 최대 제거,D1,43,10.934804,17.317511,0.788462,0.654255,18.7581,156,HPO·변수선택·임계값 조정에 사용한 내부 검증(독립 평가 아님),97,33,8.252248,7.201204,23.055077,7.160405,5.514938,6.913339,7.597726,7.528199,-0.109222,-0.12912,-0.038462,0.014057,-0.169134,0.219079,-0.358629,-0.154671,-0.09505,-0.051899,-0.001941,-0.03771,-0.300047,0.060849,0.218,-0.274248,0.03792,양측 부트스트랩 꼬리비율 근사,3.0,False,True,True,False,False,개별 변수 제거,False
LOFO-roll24_avg_std,직전24h 평균전력 표준편차 제거,D1,43,10.729066,16.536052,0.846154,0.633094,18.35014,156,HPO·변수선택·임계값 조정에 사용한 내부 검증(독립 평가 아님),129,24,7.813232,7.170979,22.207989,7.137141,5.634075,7.041008,6.147355,7.317295,-0.314959,-0.910578,0.019231,-0.007105,-0.608149,0.188854,-1.205716,-0.177935,0.024087,0.07577,-1.452311,-0.248614,-0.947993,0.121283,0.199,-0.817069,0.063705,양측 부트스트랩 꼬리비율 근사,2.0,False,True,True,True,False,개별 변수 제거,False
LOFO-roll24_peak_max,직전24h peak15 최대 제거,D1,43,10.996537,17.75807,0.807692,0.642857,17.542808,156,HPO·변수선택·임계값 조정에 사용한 내부 검증(독립 평가 아님),110,30,8.445639,7.047395,23.377984,7.397249,5.311731,6.899915,7.315755,7.542213,-0.047489,0.311439,-0.019231,0.002659,0.024257,0.065269,-0.035722,0.082174,-0.298257,-0.065323,-0.283911,-0.023696,-0.219624,0.12286,0.604,-0.194675,0.096661,양측 부트스트랩 꼬리비율 근사,2.0,False,True,True,False,False,개별 변수 제거,False
LOFO-roll24_peak_cnt,직전24h 피크 발생건수 제거,D1,43,10.979273,18.174212,0.858974,0.647343,18.938487,156,HPO·변수선택·임계값 조정에 사용한 내부 검증(독립 평가 아님),124,22,8.312195,6.912351,23.153412,7.605292,5.381844,6.795918,7.627477,7.530736,-0.064753,0.727582,0.032051,0.007144,-0.109186,-0.069774,-0.260294,0.290216,-0.228144,-0.16932,0.02781,-0.035172,-0.262253,0.151741,0.481,-0.232034,0.11316,양측 부트스트랩 꼬리비율 근사,3.0,False,True,True,False,False,개별 변수 제거,False
LOFO-roll168_avg_mean,직전168h 평균전력 평균 제거,D1,43,11.223064,17.354396,0.794872,0.623116,18.195042,156,HPO·변수선택·임계값 조정에 사용한 내부 검증(독립 평가 아님),118,32,8.424792,7.27321,23.565101,7.704477,5.495411,7.266457,8.148019,7.80758,0.179038,-0.092235,-0.032051,-0.017083,0.00341,0.291085,0.151395,0.389402,-0.114578,0.301219,0.548352,0.241672,-0.368207,0.795061,0.593,-0.295271,0.680859,양측 부트스트랩 꼬리비율 근사,1.0,False,False,False,False,False,개별 변수 제거,False
LOFO-roll168_avg_max,직전168h 평균전력 최대 제거,D1,43,15.779764,17.849838,0.820513,0.606635,17.302317,156,HPO·변수선택·임계값 조정에 사용한 내부 검증(독립 평가 아님),138,28,10.351778,7.269299,23.551748,25.001283,5.564078,7.069935,7.750549,12.50542,4.735738,0.403208,-0.00641,-0.033563,1.930396,0.287174,0.138042,17.686208,-0.04591,0.104697,0.150882,4.939512,0.065711,10.537962,0.023,1.048732,9.616607,양측 부트스트랩 꼬리비율 근사,1.0,False,False,True,True,False,개별 변수 제거,False
LOFO-roll168_avg_std,직전168h 평균전력 표준편차 제거,D1,43,10.765723,16.970385,0.884615,0.64486,17.968587,156,HPO·변수선택·임계값 조정에 사용한 내부 검증(독립 평가 아님),134,18,8.322645,6.924811,22.993118,6.96861,5.353835,6.794907,7.362506,7.352355,-0.278303,-0.476245,0.057692,0.004661,-0.098737,-0.057314,-0.420588,-0.346466,-0.256153,-0.170331,-0.23716,-0.213554,-0.485809,-0.087275,0.001,-0.451252,-0.115299,양측 부트스트랩 꼬리비율 근사,4.0,True,True,True,True,True,개별 변수 제거,True
LOFO-roll168_peak_max,직전168h peak15 최대 제거,D1,43,11.021991,17.787788,0.814103,0.649616,17.444982,156,HPO·변수선택·임계값 조정에 사용한 내부 검증(독립 평가 아님),108,29,8.492899,7.005602,23.479422,7.372154,5.371109,6.85289,7.369299,7.545366,-0.022035,0.341158,-0.012821,0.009418,0.071517,0.023477,0.065716,0.057079,-0.23888,-0.112348,-0.230368,-0.020542,-0.19075,0.14726,0.773,-0.159464,0.12188,양측 부트스트랩 꼬리비율 근사,1.0,False,True,True,False,False,개별 변수 제거,False
LOFO-roll168_peak_cnt,직전168h 피크 발생건수 제거,D1,43,10.955154,17.405241,0.730769,0.638655,17.463304,156,HPO·변수선택·임계값 조정에 사용한 내부 검증(독립 평가 아님),87,42,8.406678,7.113092,23.318817,6.967425,5.601547,6.895803,7.625951,7.473033,-0.088872,-0.04139,-0.096154,-0.001543,-0.014704,0.130967,-0.094889,-0.347651,-0.008441,-0.069435,0.026284,-0.092875,-0.256659,0.064955,0.291,-0.231979,0.04542,양측 부트스트랩 꼬리비율 근사,3.0,False,True,True,False,False,개별 변수 제거,False
LOFO-hour,시간 제거,D1,43,11.068513,17.582068,0.820513,0.635236,18.284463,156,HPO·변수선택·임계값 조정에 사용한 내부 검증(독립 평가 아님),119,28,8.44595,7.244187,23.484475,7.098,5.625676,6.986901,7.459154,7.574073,0.024487,0.135437,-0.00641,-0.004963,0.024568,0.262062,0.070769,-0.217075,0.015688,0.021663,-0.140513,0.008164,-0.146389,0.170509,0.776,-0.1171,0.145834,양측 부트스트랩 꼬리비율 근사,1.0,False,False,True,True,False,개별 변수 제거,False
LOFO-dow,요일 제거,D1,43,10.906143,17.686754,0.820513,0.649746,17.721636,156,HPO·변수선택·임계값 조정에 사용한 내부 검증(독립 평가 아님),110,28,8.410997,7.038648,23.261342,7.079465,5.414783,6.841863,7.418694,7.442514,-0.137882,0.240124,-0.00641,0.009548,-0.010385,0.056522,-0.152364,-0.235611,-0.195205,-0.123375,-0.180973,-0.123394,-0.270434,-0.019766,0.015,-0.248608,-0.037825,양측 부트스트랩 꼬리비율 근사,3.0,True,True,True,True,True,개별 변수 제거,False
LOFO-month,월 제거,D1,43,10.968544,17.423509,0.801282,0.641026,18.694306,156,HPO·변수선택·임계값 조정에 사용한 내부 검증(독립 평가 아님),109,31,8.261611,7.244952,23.115162,7.056364,5.657018,6.935112,7.447482,7.533516,-0.075482,-0.023122,-0.025641,0.000827,-0.15977,0.262827,-0.298543,-0.258711,0.04703,-0.030125,-0.152185,-0.032393,-0.267738,0.108744,0.431,-0.235633,0.079494,양측 부트스트랩 꼬리비율 근사,2.0,False,False,True,False,False,개별 변수 제거,False
LOFO-is_sat,토요일 제거,D1,43,10.961152,17.446631,0.826923,0.640199,17.784201,156,HPO·변수선택·임계값 조정에 사용한 내부 검증(독립 평가 아님),118,27,8.392839,6.982125,23.299219,7.1141,5.609988,6.965238,7.292925,7.511052,-0.082874,0.0,0.0,0.0,-0.028542,0.0,-0.114487,-0.200976,0.0,0.0,-0.306742,-0.054856,-0.201403,-0.0,0.095,-0.181137,-0.008082,양측 부트스트랩 꼬리비율 근사,2.0,False,True,True,True,False,개별 변수 제거,False
LOFO-is_sun,일요일 제거,D1,43,11.044026,17.446631,0.826923,0.640199,17.784201,156,HPO·변수선택·임계값 조정에 사용한 내부 검증(독립 평가 아님),118,27,8.421382,6.982125,23.413706,7.315076,5.609988,6.965238,7.599667,7.565909,0.0,0.0,0.0,0.0,0.0,0.0,0.0,0.0,0.0,0.0,0.0,0.0,-0.0,-0.0,1.0,-0.0,-0.0,양측 부트스트랩 꼬리비율 근사,0.0,False,True,True,True,False,개별 변수 제거,False
LOFO-is_holiday,공휴일 제거,D1,43,11.004397,17.846368,0.871795,0.652278,17.871757,156,HPO·변수선택·임계값 조정에 사용한 내부 검증(독립 평가 아님),125,20,8.428197,7.054622,23.398888,7.071483,5.657831,6.963727,7.606216,7.531298,-0.039629,0.399738,0.044872,0.01208,0.006815,0.072497,-0.014818,-0.243592,0.047842,-0.001511,0.006549,-0.034611,-0.132858,0.039074,0.363,-0.117049,0.027797,양측 부트스트랩 꼬리비율 근사,2.0,False,True,True,True,False,개별 변수 제거,False
LOFO-hour_sin,시간 sin 제거,D1,43,10.84731,17.038528,0.846154,0.642336,19.074534,156,HPO·변수선택·임계값 조정에 사용한 내부 검증(독립 평가 아님),123,24,8.160222,7.190739,22.842065,6.998351,5.568642,6.917116,7.097602,7.484317,-0.196716,-0.408103,0.019231,0.002137,-0.26116,0.208614,-0.571641,-0.316724,-0.041346,-0.048122,-0.502065,-0.081592,-0.447795,0.023438,0.085,-0.400597,-0.007757,양측 부트스트랩 꼬리비율 근사,3.0,False,True,True,True,False,개별 변수 제거,False
LOFO-hour_cos,시간 cos 제거,D1,43,11.158822,19.146584,0.801282,0.606796,20.452406,156,HPO·변수선택·임계값 조정에 사용한 내부 검증(독립 평가 아님),131,31,8.132452,7.673066,23.075596,7.5452,5.560195,7.045867,7.594556,7.782055,0.114796,1.699953,-0.025641,-0.033402,-0.28893,0.690941,-0.33811,0.230125,-0.049793,0.08063,-0.005111,0.216147,-0.179823,0.412041,0.448,-0.134705,0.359045,양측 부트스트랩 꼬리비율 근사,2.0,False,False,True,False,False,개별 변수 제거,False
LOFO-dow_sin,요일 sin 제거,D1,43,10.985532,17.475221,0.826923,0.640199,17.894908,156,HPO·변수선택·임계값 조정에 사용한 내부 검증(독립 평가 아님),118,27,8.464752,7.021114,23.421824,7.153867,5.501513,6.982743,8.317908,7.56126,-0.058494,0.028591,0.0,0.0,0.04337,0.038988,0.008118,-0.161209,-0.108475,0.017505,0.718241,-0.004649,-0.246186,0.202694,0.554,-0.227241,0.155316,양측 부트스트랩 꼬리비율 근사,2.0,False,True,True,True,False,개별 변수 제거,False
LOFO-dow_cos,요일 cos 제거,D1,43,10.968885,17.658938,0.794872,0.639175,20.077278,156,HPO·변수선택·임계값 조정에 사용한 내부 검증(독립 평가 아님),108,32,8.35814,7.024739,23.260373,7.082574,5.676641,7.009192,7.619321,7.567622,-0.075141,0.212308,-0.032051,-0.001023,-0.063242,0.042613,-0.153332,-0.232502,0.066653,0.043954,0.019654,0.001714,-0.290218,0.113083,0.479,-0.251046,0.087107,양측 부트스트랩 꼬리비율 근사,2.0,False,True,True,False,False,개별 변수 제거,False
LOFO-is_daytime,주간(9~17시) 제거,D1,43,10.919949,17.089982,0.820513,0.638404,18.802177,156,HPO·변수선택·임계값 조정에 사용한 내부 검증(독립 평가 아님),117,28,8.307274,6.932643,23.123153,7.222503,5.560731,6.918994,7.460101,7.500339,-0.124076,-0.356648,-0.00641,-0.001795,-0.114108,-0.049482,-0.290553,-0.092572,-0.049257,-0.046244,-0.139566,-0.065569,-0.281195,0.011817,0.086,-0.251866,-0.004051,양측 부트스트랩 꼬리비율 근사,4.0,False,True,True,True,False,개별 변수 제거,False
LOFO-is_startup_08,08시 기동 제거,D1,43,10.991548,17.461283,0.839744,0.653367,18.257944,156,HPO·변수선택·임계값 조정에 사용한 내부 검증(독립 평가 아님),114,25,8.469021,7.023192,23.436302,7.138134,5.525078,6.914402,7.42027,7.504872,-0.052478,0.014652,0.012821,0.013168,0.04764,0.041066,0.022596,-0.176941,-0.08491,-0.050836,-0.179396,-0.061036,-0.153479,0.047474,0.272,-0.134417,0.029275,양측 부트스트랩 꼬리비율 근사,2.0,False,True,True,True,False,개별 변수 제거,False
LOFO-is_restart_13,13시 재가동 제거,D1,43,11.026888,17.363538,0.826923,0.648241,17.664998,156,HPO·변수선택·임계값 조정에 사용한 내부 검증(독립 평가 아님),113,27,8.399298,7.031146,23.36632,7.26224,5.602581,6.920781,7.544883,7.550698,-0.017138,-0.083092,0.0,0.008043,-0.022084,0.049021,-0.047386,-0.052836,-0.007407,-0.044457,-0.054784,-0.01521,-0.122495,0.08448,0.714,-0.105473,0.069856,양측 부트스트랩 꼬리비율 근사,3.0,False,True,True,True,False,개별 변수 제거,False
LOFO-is_shutdown,휴무일 제거,D1,43,11.044026,17.446631,0.826923,0.640199,17.784201,156,HPO·변수선택·임계값 조정에 사용한 내부 검증(독립 평가 아님),118,27,8.421382,6.982125,23.413706,7.315076,5.609988,6.965238,7.599667,7.565909,0.0,0.0,0.0,0.0,0.0,0.0,0.0,0.0,0.0,0.0,0.0,0.0,-0.0,-0.0,1.0,-0.0,-0.0,양측 부트스트랩 꼬리비율 근사,0.0,False,True,True,True,False,개별 변수 제거,False
LOFO-shutdown_nth,휴무 n일차 제거,D1,43,11.135156,17.388558,0.820513,0.638404,17.750366,156,HPO·변수선택·임계값 조정에 사용한 내부 검증(독립 평가 아님),117,28,8.555476,6.970901,23.699601,7.382638,5.613208,7.086208,8.279326,7.691046,0.091131,-0.058072,-0.00641,-0.001795,0.134094,-0.011225,0.285895,0.067563,0.00322,0.12097,0.679659,0.125137,-0.065758,0.333261,0.439,-0.050721,0.282019,양측 부트스트랩 꼬리비율 근사,1.0,False,True,True,True,False,개별 변수 제거,False
LOFO-is_first_day_back,휴무 직후 재가동일 제거,D1,43,10.946392,17.655331,0.871795,0.652278,18.039924,156,HPO·변수선택·임계값 조정에 사용한 내부 검증(독립 평가 아님),125,20,8.369139,6.979152,23.243943,7.165588,5.557482,6.934283,7.248877,7.511758,-0.097634,0.2087,0.044872,0.01208,-0.052243,-0.002974,-0.169763,-0.149488,-0.052507,-0.030955,-0.350789,-0.054151,-0.23056,0.007669,0.081,-0.211134,-0.004834,양측 부트스트랩 꼬리비율 근사,4.0,False,True,True,True,False,개별 변수 제거,False
LOFO-prev_day_shutdown,전일 휴무 제거,D1,43,10.992106,17.43728,0.782051,0.648936,17.566842,156,HPO·변수선택·임계값 조정에 사용한 내부 검증(독립 평가 아님),98,34,8.437625,7.000141,23.39714,7.108946,5.620121,6.962823,7.423186,7.515924,-0.05192,-0.00935,-0.044872,0.008738,0.016243,0.018015,-0.016566,-0.20613,0.010132,-0.002415,-0.176481,-0.049985,-0.129892,0.004287,0.08,-0.117039,-0.002625,양측 부트스트랩 꼬리비율 근사,2.0,False,True,True,False,False,개별 변수 제거,False
LOFO-is_state_switch,가동 전환일 제거,D1,43,10.811832,17.299283,0.826923,0.630807,18.594255,156,HPO·변수선택·임계값 조정에 사용한 내부 검증(독립 평가 아님),124,27,8.41744,6.759422,23.184619,6.996757,5.456669,6.867111,7.322137,7.407079,-0.232193,-0.147347,0.0,-0.009392,-0.003942,-0.222704,-0.229087,-0.318318,-0.153319,-0.098127,-0.27753,-0.15883,-0.406518,-0.082772,0.001,-0.369192,-0.104933,양측 부트스트랩 꼬리비율 근사,4.0,True,True,True,True,True,개별 변수 제거,True
LOFO-prod,계획생산량 제거,D1,43,11.344081,18.5895,0.820513,0.636816,19.307397,156,HPO·변수선택·임계값 조정에 사용한 내부 검증(독립 평가 아님),118,28,8.195538,7.431333,23.336501,8.051898,5.712707,7.127824,7.725699,7.913862,0.300055,1.142869,-0.00641,-0.003383,-0.225843,0.449208,-0.077205,0.736822,0.102718,0.162586,0.126032,0.347954,0.077375,0.541431,0.003,0.118125,0.495088,양측 부트스트랩 꼬리비율 근사,1.0,False,False,True,False,False,개별 변수 제거,False
LOFO-headcount,공장인원(정규화 공수) 제거,D1,43,11.188284,18.612788,0.807692,0.633166,18.866038,156,HPO·변수선택·임계값 조정에 사용한 내부 검증(독립 평가 아님),116,30,8.205759,7.271456,23.215565,7.748826,5.678998,7.113716,7.743256,7.835801,0.144258,1.166158,-0.019231,-0.007033,-0.215623,0.289331,-0.198141,0.43375,0.06901,0.148478,0.143589,0.269893,-0.111959,0.378084,0.243,-0.063581,0.332779,양측 부트스트랩 꼬리비율 근사,1.0,False,False,True,False,False,개별 변수 제거,False
LOFO-prod_chg_ratio,생산량 전일대비 변화율 제거,D1,43,11.09661,17.694591,0.782051,0.635417,18.002462,156,HPO·변수선택·임계값 조정에 사용한 내부 검증(독립 평가 아님),106,34,8.451167,7.031915,23.491563,7.506257,5.492492,6.949334,7.553618,7.615392,0.052584,0.24796,-0.044872,-0.004782,0.029785,0.04979,0.077857,0.191181,-0.117497,-0.015904,-0.046049,0.049484,-0.079073,0.174343,0.402,-0.055296,0.157871,양측 부트스트랩 꼬리비율 근사,1.0,False,True,True,False,False,개별 변수 제거,False
LOFO-prod_cum_day,일 누적생산량 제거,D1,43,11.371611,17.950004,0.782051,0.630491,18.373492,156,HPO·변수선택·임계값 조정에 사용한 내부 검증(독립 평가 아님),109,34,8.098027,7.235286,23.044204,9.144566,5.157057,6.863147,7.109281,7.99027,0.327585,0.503374,-0.044872,-0.009708,-0.323355,0.253161,-0.369502,1.829491,-0.452932,-0.102091,-0.490385,0.424362,-0.355096,1.340939,0.504,-0.281593,1.147985,양측 부트스트랩 꼬리비율 근사,2.0,False,False,True,False,False,개별 변수 제거,False
LOFO-temp,기온 제거,D1,43,10.875065,17.533463,0.858974,0.645783,18.54129,156,HPO·변수선택·임계값 조정에 사용한 내부 검증(독립 평가 아님),125,22,8.35528,7.013183,23.154267,7.029158,5.478936,6.874817,7.448303,7.448456,-0.168961,0.086833,0.032051,0.005585,-0.066102,0.031057,-0.259439,-0.285918,-0.131052,-0.090421,-0.151364,-0.117452,-0.321616,-0.028134,0.018,-0.295482,-0.048142,양측 부트스트랩 꼬리비율 근사,3.0,True,True,True,True,True,개별 변수 제거,False
LOFO-humid,습도 제거,D1,43,10.952604,17.435889,0.833333,0.637255,17.789934,156,HPO·변수선택·임계값 조정에 사용한 내부 검증(독립 평가 아님),122,26,8.293315,6.982499,23.155454,7.049721,5.794612,6.920346,7.29652,7.445789,-0.091422,-0.010742,0.00641,-0.002944,-0.128067,0.000374,-0.258252,-0.265355,0.184624,-0.044892,-0.303147,-0.12012,-0.25795,0.067189,0.251,-0.232079,0.037561,양측 부트스트랩 꼬리비율 근사,2.0,False,True,True,True,False,개별 변수 제거,False
LOFO-wind,풍속 제거,D1,43,10.780078,17.157328,0.878205,0.647754,18.002421,156,HPO·변수선택·임계값 조정에 사용한 내부 검증(독립 평가 아님),130,19,8.489494,6.946627,23.263452,6.746318,5.341092,6.889789,7.493944,7.391716,-0.263948,-0.289302,0.051282,0.007556,0.068112,-0.035498,-0.150254,-0.568758,-0.268896,-0.075449,-0.105723,-0.174193,-0.504111,-0.052061,0.014,-0.468538,-0.078543,양측 부트스트랩 꼬리비율 근사,4.0,True,True,True,True,True,개별 변수 제거,True
LOFO-rain,강수량 제거,D1,43,10.918008,17.57887,0.75641,0.629333,17.390334,156,HPO·변수선택·임계값 조정에 사용한 내부 검증(독립 평가 아님),101,38,8.321901,6.985028,23.143301,7.17952,5.529707,6.911562,7.338868,7.522029,-0.126018,0.13224,-0.070513,-0.010865,-0.099481,0.002903,-0.270405,-0.135556,-0.080281,-0.053676,-0.260799,-0.043879,-0.358087,0.078272,0.244,-0.317985,0.048257,양측 부트스트랩 꼬리비율 근사,3.0,False,True,True,False,False,개별 변수 제거,False
LOFO-cdd,냉방도일 CDD 제거,D1,43,11.004042,17.310047,0.833333,0.640394,18.195355,156,HPO·변수선택·임계값 조정에 사용한 내부 검증(독립 평가 아님),120,26,8.354875,6.977056,23.268472,7.370107,5.549263,6.912034,7.67197,7.541729,-0.039984,-0.136583,0.00641,0.000196,-0.066507,-0.005069,-0.145233,0.055031,-0.060725,-0.053204,0.072304,-0.024179,-0.127765,0.054422,0.396,-0.11354,0.03686,양측 부트스트랩 꼬리비율 근사,3.0,False,True,True,True,False,개별 변수 제거,False
LOFO-hdd,난방도일 HDD 제거,D1,43,10.93173,17.809699,0.858974,0.656863,18.265565,156,HPO·변수선택·임계값 조정에 사용한 내부 검증(독립 평가 아님),118,22,8.484769,6.978756,23.392465,7.125812,5.384512,6.899675,7.741325,7.512696,-0.112296,0.363068,0.032051,0.016664,0.063387,-0.003369,-0.021241,-0.189264,-0.225476,-0.065563,0.141658,-0.053213,-0.248721,0.023117,0.096,-0.227877,-0.001525,양측 부트스트랩 꼬리비율 근사,4.0,False,True,True,True,False,개별 변수 제거,False
