대상일,일치,불일치 피처,정비범위,입력가정
2021-01-09,True,-,원점 이전 원자료부터 재정비,대상일 생산·기상은 사전 계획·예보의 대리
2021-01-31,True,-,원점 이전 원자료부터 재정비,대상일 생산·기상은 사전 계획·예보의 대리
2021-02-22,True,-,원점 이전 원자료부터 재정비,대상일 생산·기상은 사전 계획·예보의 대리
2021-03-17,True,-,원점 이전 원자료부터 재정비,대상일 생산·기상은 사전 계획·예보의 대리
2021-04-08,True,-,원점 이전 원자료부터 재정비,대상일 생산·기상은 사전 계획·예보의 대리
2021-04-30,True,-,원점 이전 원자료부터 재정비,대상일 생산·기상은 사전 계획·예보의 대리
2021-05-23,True,-,원점 이전 원자료부터 재정비,대상일 생산·기상은 사전 계획·예보의 대리
2021-06-14,True,-,원점 이전 원자료부터 재정비,대상일 생산·기상은 사전 계획·예보의 대리
2021-07-06,True,-,원점 이전 원자료부터 재정비,대상일 생산·기상은 사전 계획·예보의 대리
2021-07-31,True,-,원점 이전 원자료부터 재정비,대상일 생산·기상은 사전 계획·예보의 대리
2021-08-22,True,-,원점 이전 원자료부터 재정비,대상일 생산·기상은 사전 계획·예보의 대리
2021-08-29,True,-,원점 이전 원자료부터 재정비,대상일 생산·기상은 사전 계획·예보의 대리
2021-09-01,True,-,원점 이전 원자료부터 재정비,대상일 생산·기상은 사전 계획·예보의 대리
2021-09-02,True,-,원점 이전 원자료부터 재정비,대상일 생산·기상은 사전 계획·예보의 대리
2021-09-03,True,-,원점 이전 원자료부터 재정비,대상일 생산·기상은 사전 계획·예보의 대리
2021-09-04,True,-,원점 이전 원자료부터 재정비,대상일 생산·기상은 사전 계획·예보의 대리
2021-09-05,True,-,원점 이전 원자료부터 재정비,대상일 생산·기상은 사전 계획·예보의 대리
2021-09-06,True,-,원점 이전 원자료부터 재정비,대상일 생산·기상은 사전 계획·예보의 대리
2021-09-07,True,-,원점 이전 원자료부터 재정비,대상일 생산·기상은 사전 계획·예보의 대리
2021-09-08,True,-,원점 이전 원자료부터 재정비,대상일 생산·기상은 사전 계획·예보의 대리
2021-09-09,True,-,원점 이전 원자료부터 재정비,대상일 생산·기상은 사전 계획·예보의 대리
2021-09-10,True,-,원점 이전 원자료부터 재정비,대상일 생산·기상은 사전 계획·예보의 대리
2021-09-11,True,-,원점 이전 원자료부터 재정비,대상일 생산·기상은 사전 계획·예보의 대리
2021-09-12,True,-,원점 이전 원자료부터 재정비,대상일 생산·기상은 사전 계획·예보의 대리
2021-09-13,True,-,원점 이전 원자료부터 재정비,대상일 생산·기상은 사전 계획·예보의 대리
2021-09-14,True,-,원점 이전 원자료부터 재정비,대상일 생산·기상은 사전 계획·예보의 대리
