ID,변형,조건,피처수,OOF MAE,Peak-MAE,Recall,F1,Peak15-MAE,Peak-n,평가 성격,FP,FN,fold 표준편차,fold2,fold3,fold4,fold5,정상일 MAE,토요일 MAE,상위2일 제외 MAE,ΔOOF MAE,ΔPeak-MAE,ΔRecall,ΔF1,Δfold 표준편차,Δfold2,Δfold3,Δfold4,Δfold5,Δ정상일 MAE,Δ토요일 MAE,Δ상위2일 제외 MAE,ΔMAE CI 하한,ΔMAE CI 상한,p,ΔMAE 90% CI 하한(사후),ΔMAE 90% CI 상한(사후),p 산출법,개선 fold 수,⑤ D2 개선 방향 유지
A,최종모델 (44개),D2,44,12.827849,15.665326,0.870748,0.622871,16.707373,147,HPO·변수선택·임계값 조정에 사용한 내부 검증(독립 평가 아님),136,19,12.899644,5.987497,32.094742,8.059501,5.181819,7.705598,22.432712,9.305653,,,,,,,,,,,,,,,,,,,,False
G-과거전력,과거전력 6개 제거,D2,38,9.873985,13.480178,0.843537,0.645833,14.519742,147,HPO·변수선택·임계값 조정에 사용한 내부 검증(독립 평가 아님),113,23,8.75929,5.648798,23.021171,5.934238,4.979588,8.135713,27.93099,9.709588,-2.953864,-2.185148,-0.027211,0.022962,-4.140354,-0.338699,-9.073571,-2.125263,-0.202231,0.430115,5.498278,0.403934,-8.144508,1.292285,0.226,-7.231479,0.784703,양측 부트스트랩 꼬리비율 근사,4.0,True
L168,168시간 전 2개 제거,D2,42,12.779923,13.472968,0.918367,0.617849,14.973798,147,HPO·변수선택·임계값 조정에 사용한 내부 검증(독립 평가 아님),155,12,14.539189,5.984687,34.619544,5.910284,4.790157,8.070769,28.325812,9.784562,-0.047927,-2.192358,0.047619,-0.005022,1.639545,-0.00281,2.524802,-2.149217,-0.391661,0.365171,5.8931,0.478909,-1.933004,2.109679,0.964,-1.608392,1.768097,양측 부트스트랩 꼬리비율 근사,3.0,True
B+W,지연 6개 + 기상 6개 제거,D2,32,12.457628,15.193991,0.823129,0.620513,17.396906,147,HPO·변수선택·임계값 조정에 사용한 내부 검증(독립 평가 아님),122,26,12.790207,5.729296,31.553829,7.785149,4.776431,8.542178,27.085164,10.333236,-0.370221,-0.471335,-0.047619,-0.002358,-0.109437,-0.258202,-0.540912,-0.274353,-0.405387,0.83658,4.652452,1.027583,-2.817445,2.018676,0.806,-2.482157,1.67524,양측 부트스트랩 꼬리비율 근사,4.0,True
SA-all,휴무 인지형 지연변수 (6개 교체),D2,44,11.449673,13.699161,0.77551,0.626374,15.71312,147,HPO·변수선택·임계값 조정에 사용한 내부 검증(독립 평가 아님),103,33,11.91461,5.903851,29.36079,4.969681,5.763796,8.220284,26.615979,9.542323,-1.378177,-1.966165,-0.095238,0.003503,-0.985034,-0.083646,-2.733952,-3.08982,0.581978,0.514686,4.183266,0.23667,-5.950471,2.077098,0.603,-4.93924,1.64856,양측 부트스트랩 꼬리비율 근사,3.0,True
SA-168,휴무 인지형 지연변수 (168시간만 교체),D2,44,13.115863,12.951425,0.931973,0.61435,16.093545,147,HPO·변수선택·임계값 조정에 사용한 내부 검증(독립 평가 아님),162,10,15.349427,5.716321,36.189925,5.225846,5.539083,8.019609,27.644932,9.558674,0.288014,-2.713901,0.061224,-0.008521,2.449783,-0.271177,4.095183,-2.833655,0.357265,0.314011,5.212219,0.253021,-1.356851,2.428681,0.794,-1.137851,1.999638,양측 부트스트랩 꼬리비율 근사,2.0,False
LOFO-y_avg_lag48,평균전력 48시간 전 제거,D2,43,12.967846,15.831844,0.816327,0.615385,16.186432,147,HPO·변수선택·임계값 조정에 사용한 내부 검증(독립 평가 아님),123,27,13.320601,5.784295,32.874224,7.949505,5.269523,7.7279,23.469822,9.453086,0.139996,0.166518,-0.054422,-0.007486,0.420957,-0.203202,0.779482,-0.109996,0.087704,0.022302,1.03711,0.147433,-0.1826,0.526207,0.425,-0.140408,0.463495,양측 부트스트랩 꼬리비율 근사,2.0,False
LOFO-roll168_avg_std,직전168h 평균전력 표준편차 제거,D2,43,10.63508,14.883942,0.863946,0.621027,16.691717,147,HPO·변수선택·임계값 조정에 사용한 내부 검증(독립 평가 아님),135,20,8.818359,5.766841,23.774872,7.612458,5.362473,6.162538,7.401556,7.025403,-2.19277,-0.781384,-0.006803,-0.001844,-4.081285,-0.220656,-8.319869,-0.447043,0.180654,-1.54306,-15.031156,-2.28025,-5.488635,0.005338,0.054,-4.898455,-0.128406,양측 부트스트랩 꼬리비율 근사,3.0,True
LOFO-dow,요일 제거,D2,43,12.369039,15.464837,0.836735,0.602941,16.187996,147,HPO·변수선택·임계값 조정에 사용한 내부 검증(독립 평가 아님),138,24,12.157215,5.85822,30.531028,7.841756,5.252243,7.642645,21.403397,9.202997,-0.458811,-0.20049,-0.034014,-0.01993,-0.742429,-0.129277,-1.563714,-0.217745,0.070425,-0.062952,-1.029316,-0.102656,-1.329691,0.186828,0.271,-1.175963,0.127196,양측 부트스트랩 꼬리비율 근사,3.0,True
LOFO-is_state_switch,가동 전환일 제거,D2,43,12.783851,15.51201,0.863946,0.604762,16.166001,147,HPO·변수선택·임계값 조정에 사용한 내부 검증(독립 평가 아님),146,20,13.379113,5.611928,32.813891,7.390327,5.34926,7.613041,22.818713,9.286874,-0.043998,-0.153317,-0.006803,-0.018109,0.479469,-0.37557,0.71915,-0.669174,0.167442,-0.092557,0.386,-0.018779,-0.509423,0.611499,0.838,-0.454622,0.482901,양측 부트스트랩 꼬리비율 근사,2.0,True
LOFO-temp,기온 제거,D2,43,12.938282,15.327676,0.863946,0.616505,16.726782,147,HPO·변수선택·임계값 조정에 사용한 내부 검증(독립 평가 아님),138,20,13.658197,5.647885,33.382175,7.480752,5.273298,7.812552,23.076874,9.39131,0.110433,-0.33765,-0.006803,-0.006366,0.758553,-0.339613,1.287433,-0.578749,0.091479,0.106955,0.644162,0.085656,-0.514895,0.763225,0.737,-0.415372,0.660986,양측 부트스트랩 꼬리비율 근사,2.0,False
LOFO-wind,풍속 제거,D2,43,12.821606,15.809357,0.843537,0.601942,17.039777,147,HPO·변수선택·임계값 조정에 사용한 내부 검증(독립 평가 아님),141,23,13.451527,5.728311,32.950212,7.515881,5.127145,7.67985,23.086344,9.320366,-0.006244,0.144031,-0.027211,-0.020929,0.551883,-0.259186,0.85547,-0.54362,-0.054673,-0.025748,0.653631,0.014713,-0.476362,0.491378,0.985,-0.394638,0.407908,양측 부트스트랩 꼬리비율 근사,3.0,True
