모델,평가구간,n,τ,보정 종료,평가 시작,Precision,Recall,F1,TP,FP,FN,TN,양성률,Recall_CI_low,Recall_CI_high,PR-AUC,lift,평가 성격
Seasonal Naive,fold3,336,166.82,2021-07-20 23:00:00,2021-07-21 00:00:00,0.5360824742268041,0.896551724137931,0.6709677419354839,52,45,6,233,0.17261904761904762,0.7883135422012024,0.9610791680776357,0.596349866049129,3.4547164653880578,임계값만 시간순 분리; HPO·모델선택은 기존 OOF 재사용
Seasonal Naive,fold4,336,166.18,2021-08-03 23:00:00,2021-08-04 00:00:00,0.019230769230769232,0.029411764705882353,0.023255813953488372,1,51,33,251,0.10119047619047619,0.0007443642346902604,0.15326766956031765,0.08374366519930662,0.8275844560872654,임계값만 시간순 분리; HPO·모델선택은 기존 OOF 재사용
Seasonal Naive,fold5,319,167.89,2021-08-17 23:00:00,2021-08-18 00:00:00,0.2345679012345679,0.76,0.3584905660377358,19,62,6,232,0.07836990595611286,0.5487119821833135,0.9064355606682571,0.2045497204304324,2.6100544326923174,임계값만 시간순 분리; HPO·모델선택은 기존 OOF 재사용
Seasonal Naive,시간순 임계값 평가 합계,991,,이전 fold까지,2021-07-21 00:00:00,0.3130434782608696,0.6153846153846154,0.414985590778098,72,158,45,716,0.11806256306760847,0.5209456697978256,0.7038341481278694,0.2750337152612657,2.329559075418071,임계값만 시간순 분리; HPO·모델선택은 기존 OOF 재사용
Random Forest (보정),fold3,336,177.1,2021-07-20 23:00:00,2021-07-21 00:00:00,0.9,0.6206896551724138,0.7346938775510204,36,4,22,274,0.17261904761904762,0.48371765991337434,0.7448923477548457,0.8982563011822108,5.203691675814187,임계값만 시간순 분리; HPO·모델선택은 기존 OOF 재사용
Random Forest (보정),fold4,336,170.35,2021-08-03 23:00:00,2021-08-04 00:00:00,0.3076923076923077,0.11764705882352941,0.1702127659574468,4,9,30,293,0.10119047619047619,0.03300168033646954,0.27450348714235545,0.24792289924805724,2.4500615925690363,임계값만 시간순 분리; HPO·모델선택은 기존 OOF 재사용
Random Forest (보정),fold5,319,169.27,2021-08-17 23:00:00,2021-08-18 00:00:00,0.3076923076923077,0.96,0.46601941747572817,24,54,1,240,0.07836990595611286,0.796483086077586,0.9989878003006891,0.27628644071927333,3.5254149835779276,임계값만 시간순 분리; HPO·모델선택은 기존 OOF 재사용
Random Forest (보정),시간순 임계값 평가 합계,991,,이전 fold까지,2021-07-21 00:00:00,0.48854961832061067,0.5470085470085471,0.5161290322580645,64,67,53,807,0.11806256306760847,0.4523452690876037,0.6392347994588606,0.43074085217653624,3.648411833392713,임계값만 시간순 분리; HPO·모델선택은 기존 OOF 재사용
LightGBM,fold3,336,172.66,2021-07-20 23:00:00,2021-07-21 00:00:00,0.7936507936507936,0.8620689655172413,0.8264462809917356,50,13,8,265,0.17261904761904762,0.746190244723522,0.9385203370342645,0.9303482520796568,5.389603667220081,임계값만 시간순 분리; HPO·모델선택은 기존 OOF 재사용
LightGBM,fold4,336,176.35,2021-08-03 23:00:00,2021-08-04 00:00:00,0.3157894736842105,0.17647058823529413,0.22641509433962265,6,13,28,289,0.10119047619047619,0.06764065268275715,0.34531513106813394,0.4186062627960593,4.136814832337527,임계값만 시간순 분리; HPO·모델선택은 기존 OOF 재사용
LightGBM,fold5,319,176.47,2021-08-17 23:00:00,2021-08-18 00:00:00,0.36,0.72,0.48,18,32,7,262,0.07836990595611286,0.5061231781937445,0.8792833114959333,0.3023555080307965,3.858056282472963,임계값만 시간순 분리; HPO·모델선택은 기존 OOF 재사용
LightGBM,시간순 임계값 평가 합계,991,,이전 fold까지,2021-07-21 00:00:00,0.5606060606060606,0.6324786324786325,0.5943775100401606,74,58,43,816,0.11806256306760847,0.5383698311855671,0.7197072018020187,0.617285672589173,5.228462406289491,임계값만 시간순 분리; HPO·모델선택은 기존 OOF 재사용
2단계 레짐(2분류),fold3,336,170.9,2021-07-20 23:00:00,2021-07-21 00:00:00,0.6710526315789473,0.8793103448275862,0.7611940298507462,51,25,7,253,0.17261904761904762,0.7670163622920064,0.9500733839765193,0.6375791723292157,3.6935621017692495,임계값만 시간순 분리; HPO·모델선택은 기존 OOF 재사용
2단계 레짐(2분류),fold4,336,171.31,2021-08-03 23:00:00,2021-08-04 00:00:00,0.5777777777777777,0.7647058823529411,0.6582278481012658,26,19,8,283,0.10119047619047619,0.5882921580928333,0.8925381842249919,0.5160393081720965,5.099682574877189,임계값만 시간순 분리; HPO·모델선택은 기존 OOF 재사용
2단계 레짐(2분류),fold5,319,170.74,2021-08-17 23:00:00,2021-08-18 00:00:00,0.2911392405063291,0.92,0.4423076923076923,23,56,2,238,0.07836990595611286,0.7396941578947858,0.9901604099812025,0.3512725736141347,4.482238039316359,임계값만 시간순 분리; HPO·모델선택은 기존 OOF 재사용
2단계 레짐(2분류),시간순 임계값 평가 합계,991,,이전 fold까지,2021-07-21 00:00:00,0.5,0.8547008547008547,0.6309148264984227,100,100,17,774,0.11806256306760847,0.7775836708707435,0.913020404824602,0.4741995911139583,4.016511066614809,임계값만 시간순 분리; HPO·모델선택은 기존 OOF 재사용
2단계 레짐(3분류),fold3,336,170.9,2021-07-20 23:00:00,2021-07-21 00:00:00,0.68,0.8793103448275862,0.7669172932330827,51,24,7,254,0.17261904761904762,0.7670163622920064,0.9500733839765193,0.6383519326900082,3.698038782480048,임계값만 시간순 분리; HPO·모델선택은 기존 OOF 재사용
2단계 레짐(3분류),fold4,336,170.94,2021-08-03 23:00:00,2021-08-04 00:00:00,0.5777777777777777,0.7647058823529411,0.6582278481012658,26,19,8,283,0.10119047619047619,0.5882921580928333,0.8925381842249919,0.553039418541463,5.4653307244097515,임계값만 시간순 분리; HPO·모델선택은 기존 OOF 재사용
2단계 레짐(3분류),fold5,319,170.71,2021-08-17 23:00:00,2021-08-18 00:00:00,0.2911392405063291,0.92,0.4423076923076923,23,56,2,238,0.07836990595611286,0.7396941578947858,0.9901604099812025,0.3512725736141347,4.482238039316359,임계값만 시간순 분리; HPO·모델선택은 기존 OOF 재사용
2단계 레짐(3분류),시간순 임계값 평가 합계,991,,이전 fold까지,2021-07-21 00:00:00,0.5025125628140703,0.8547008547008547,0.6329113924050633,100,99,17,775,0.11806256306760847,0.7775836708707435,0.913020404824602,0.4832551177211657,4.093212150954489,임계값만 시간순 분리; HPO·모델선택은 기존 OOF 재사용
피크 직접분류,fold3,336,0.02,2021-07-20 23:00:00,2021-07-21 00:00:00,0.6231884057971014,0.7413793103448276,0.6771653543307087,43,26,15,252,0.17261904761904762,0.609568339131525,0.8474481316348952,0.7699918876019131,4.460642659211083,임계값만 시간순 분리; HPO·모델선택은 기존 OOF 재사용
피크 직접분류,fold4,336,0.01,2021-08-03 23:00:00,2021-08-04 00:00:00,0.5909090909090909,0.7647058823529411,0.6666666666666666,26,18,8,284,0.10119047619047619,0.5882921580928333,0.8925381842249919,0.5675919835149292,5.609144307676948,임계값만 시간순 분리; HPO·모델선택은 기존 OOF 재사용
피크 직접분류,fold5,319,0.01,2021-08-17 23:00:00,2021-08-18 00:00:00,0.2926829268292683,0.96,0.4485981308411215,24,58,1,236,0.07836990595611286,0.796483086077586,0.9989878003006891,0.3019041932491097,3.8522975058586395,임계값만 시간순 분리; HPO·모델선택은 기존 OOF 재사용
피크 직접분류,시간순 임계값 평가 합계,991,,이전 fold까지,2021-07-21 00:00:00,0.47692307692307695,0.7948717948717948,0.5961538461538461,93,102,24,772,0.11806256306760847,0.7103353235781108,0.8639278310380886,0.5603687951537974,4.746371589721481,임계값만 시간순 분리; HPO·모델선택은 기존 OOF 재사용
DNN (MLP),fold3,336,153.37,2021-07-20 23:00:00,2021-07-21 00:00:00,0.26666666666666666,0.13793103448275862,0.18181818181818182,8,22,50,256,0.17261904761904762,0.06147966296573545,0.253809755276478,0.26866211309531407,1.5563874137935436,임계값만 시간순 분리; HPO·모델선택은 기존 OOF 재사용
DNN (MLP),fold4,336,145.97,2021-08-03 23:00:00,2021-08-04 00:00:00,0.2967032967032967,0.7941176470588235,0.432,27,64,7,238,0.10119047619047619,0.6210222514603168,0.912978694541873,0.7050983171428792,6.968030428235512,임계값만 시간순 분리; HPO·모델선택은 기존 OOF 재사용
DNN (MLP),fold5,319,148.38,2021-08-17 23:00:00,2021-08-18 00:00:00,0.22641509433962265,0.96,0.366412213740458,24,82,1,212,0.07836990595611286,0.796483086077586,0.9989878003006891,0.2701823092765121,3.447526266368294,임계값만 시간순 분리; HPO·모델선택은 기존 OOF 재사용
DNN (MLP),시간순 임계값 평가 합계,991,,이전 fold까지,2021-07-21 00:00:00,0.2599118942731278,0.5042735042735043,0.3430232558139535,59,168,58,706,0.11806256306760847,0.41032842535246966,0.5979970889811413,0.39947825701406486,3.3836149803499,임계값만 시간순 분리; HPO·모델선택은 기존 OOF 재사용
