ID,변형,조건,피처수,OOF MAE,Peak-MAE,Recall,F1,Peak15-MAE,Peak-n,평가 성격,FP,FN,fold 표준편차,fold2,fold3,fold4,fold5,정상일 MAE,토요일 MAE,상위2일 제외 MAE,ΔOOF MAE,ΔPeak-MAE,ΔRecall,ΔF1,Δfold 표준편차,Δfold2,Δfold3,Δfold4,Δfold5,Δ정상일 MAE,Δ토요일 MAE,Δ상위2일 제외 MAE,ΔMAE CI 하한,ΔMAE CI 상한,p,ΔMAE 90% CI 하한(사후),ΔMAE 90% CI 상한(사후),p 산출법,개선 fold 수,① CI가 0 미포함,② 정상 fold 악화 ≤ 잡음,③ 정상일 악화 ≤ 잡음,④ Recall·Peak-MAE,①~④ 통과,구분
A,최종모델 (44개),D1,44,11.044026,17.446631,0.826923,0.640199,17.784201,156,HPO·변수선택·임계값 조정에 사용한 내부 검증(독립 평가 아님),118,27,8.421382,6.982125,23.413706,7.315076,5.609988,6.965238,7.599667,7.565909,,,,,,,,,,,,,,,,,,,,,,,,,
G-과거전력,과거전력 6개 제거,D1,38,8.679214,12.810104,0.865385,0.699482,15.496801,156,HPO·변수선택·임계값 조정에 사용한 내부 검증(독립 평가 아님),95,21,4.320277,9.801143,14.279308,5.816396,4.783162,9.314402,24.423877,8.976728,-2.364812,-4.636526,0.038462,0.059283,-4.101104,2.819018,-9.134398,-1.498679,-0.826826,2.349164,16.82421,1.41082,-8.806623,3.772603,0.462,-7.633366,2.716401,양측 부트스트랩 꼬리비율 근사,3.0,False,False,False,True,False,변형
G-이동통계,이동통계 10개 제거,D1,34,10.602622,16.551489,0.769231,0.626632,17.413015,156,HPO·변수선택·임계값 조정에 사용한 내부 검증(독립 평가 아님),107,36,7.603281,6.993704,21.715596,7.623318,5.293703,6.693068,3.246461,7.028825,-0.441404,-0.895141,-0.057692,-0.013567,-0.818101,0.011578,-1.69811,0.308243,-0.316285,-0.27217,-4.353205,-0.537083,-1.457933,0.340329,0.354,-1.306712,0.239614,양측 부트스트랩 꼬리비율 근사,2.0,False,True,True,False,False,변형
G-시간정보,시간정보 10개 제거,D1,34,11.714845,19.288096,0.698718,0.578249,20.977108,156,HPO·변수선택·임계값 조정에 사용한 내부 검증(독립 평가 아님),112,47,7.863222,7.945448,23.168409,8.884385,6.035295,7.223547,7.357845,8.235337,0.670819,1.841465,-0.128205,-0.061949,-0.55816,0.963323,-0.245297,1.569309,0.425307,0.258309,-0.241822,0.669428,0.067443,1.339931,0.022,0.158126,1.222406,양측 부트스트랩 꼬리비율 근사,1.0,False,False,False,False,False,변형
G-공정상태,공정상태 8개 제거,D1,36,11.199403,17.338443,0.814103,0.64631,17.46017,156,HPO·변수선택·임계값 조정에 사용한 내부 검증(독립 평가 아님),110,29,8.772762,6.752506,24.067548,7.545492,5.508882,6.948401,9.020239,7.724562,0.155378,-0.108187,-0.012821,0.006112,0.351381,-0.229619,0.653842,0.230417,-0.101106,-0.016837,1.420572,0.158653,-0.113688,0.514088,0.342,-0.083796,0.45013,양측 부트스트랩 꼬리비율 근사,2.0,False,True,True,False,False,변형
G-생산정보,생산정보 4개 제거,D1,40,12.706985,23.185132,0.858974,0.629108,25.458952,156,HPO·변수선택·임계값 조정에 사용한 내부 검증(독립 평가 아님),136,22,7.402105,7.432468,21.945138,14.570391,5.775752,7.370208,6.997485,9.421952,1.662959,5.738501,0.032051,-0.011091,-1.019277,0.450342,-1.468568,7.255315,0.165764,0.40497,-0.602182,1.856044,-0.495096,4.54267,0.186,-0.266785,3.993489,양측 부트스트랩 꼬리비율 근사,1.0,False,False,False,False,False,변형
G-기상정보,기상정보 6개 제거,D1,38,10.991525,18.004425,0.852564,0.65679,17.899033,156,HPO·변수선택·임계값 조정에 사용한 내부 검증(독립 평가 아님),116,23,8.753903,7.20461,23.83589,6.986525,5.100005,7.26998,7.973204,7.635803,-0.052501,0.557794,0.025641,0.016592,0.332522,0.222485,0.422184,-0.32855,-0.509984,0.304742,0.373538,0.069895,-0.450385,0.363216,0.765,-0.391855,0.294846,양측 부트스트랩 꼬리비율 근사,2.0,False,True,False,False,False,변형
L24,24시간 전 2개 제거,D1,42,10.497755,15.877722,0.769231,0.612245,17.459943,156,HPO·변수선택·임계값 조정에 사용한 내부 검증(독립 평가 아님),116,36,8.542319,6.369398,23.085086,6.246763,5.444327,6.712466,7.046658,7.042772,-0.546271,-1.568909,-0.057692,-0.027954,0.120937,-0.612728,-0.32862,-1.068313,-0.165661,-0.252772,-0.553009,-0.523137,-1.027823,-0.108139,0.007,-0.953122,-0.169376,양측 부트스트랩 꼬리비율 근사,4.0,True,True,True,False,False,변형
L48,48시간 전 2개 제거,D1,42,7.587529,18.207574,0.807692,0.651163,18.237654,156,HPO·변수선택·임계값 조정에 사용한 내부 검증(독립 평가 아님),105,30,1.777443,7.356429,9.827912,7.538442,5.488096,7.076726,7.592773,7.787047,-3.456497,0.760943,-0.019231,0.010964,-6.643939,0.374304,-13.585794,0.223366,-0.121893,0.111488,-0.006893,0.221138,-9.14272,0.35392,0.264,-7.823725,0.266324,양측 부트스트랩 꼬리비율 근사,2.0,False,False,True,False,False,변형
L168,168시간 전 2개 제거,D1,42,10.354285,15.62776,0.782051,0.633766,15.993148,156,HPO·변수선택·임계값 조정에 사용한 내부 검증(독립 평가 아님),107,34,8.48763,7.006479,22.842722,5.745972,5.076687,8.834804,18.447731,8.38939,-0.689741,-1.818871,-0.044872,-0.006432,0.066248,0.024354,-0.570984,-1.569104,-0.533301,1.869566,10.848064,0.823481,-4.535517,3.49703,0.713,-3.97752,2.702923,양측 부트스트랩 꼬리비율 근사,3.0,False,True,False,False,False,변형
B+W,지연 6개 + 기상 6개 제거,D1,32,8.396992,13.573051,0.807692,0.682927,15.503861,156,HPO·변수선택·임계값 조정에 사용한 내부 검증(독립 평가 아님),87,30,4.654626,7.522,15.096351,5.867333,4.795044,8.40361,21.173855,8.648467,-2.647034,-3.873579,-0.019231,0.042728,-3.766756,0.539875,-8.317355,-1.447743,-0.814944,1.438372,13.574188,1.082559,-8.705762,2.416313,0.364,-7.580038,1.815738,양측 부트스트랩 꼬리비율 근사,3.0,False,False,False,False,False,변형
SA-all,휴무 인지형 지연변수 (6개 교체),D1,44,10.004344,14.251193,0.852564,0.696335,16.262288,156,HPO·변수선택·임계값 조정에 사용한 내부 검증(독립 평가 아님),93,23,7.945862,6.810714,21.710116,5.278852,5.53535,7.079343,17.346966,8.490762,-1.039682,-3.195438,0.025641,0.056137,-0.47552,-0.171411,-1.70359,-2.036223,-0.074638,0.114106,9.7473,0.924853,-5.071447,2.863792,0.613,-4.313065,2.360661,양측 부트스트랩 꼬리비율 근사,4.0,False,True,True,True,False,변형
SA-168,휴무 인지형 지연변수 (168시간만 교체),D1,44,12.365543,15.003353,0.846154,0.675192,16.345581,156,HPO·변수선택·임계값 조정에 사용한 내부 검증(독립 평가 아님),103,24,11.891837,7.270514,29.89476,5.15546,6.096388,7.281241,19.181929,8.943584,1.321517,-2.443277,0.019231,0.034993,3.470455,0.288389,6.481054,-2.159616,0.4864,0.316003,11.582262,1.377675,-1.030724,5.15193,0.495,-0.797751,4.567082,양측 부트스트랩 꼬리비율 근사,1.0,False,False,False,True,False,변형
NULL-0,잡음 변수 추가 (시드 1000),D1,45,10.99133,17.137271,0.871795,0.64,18.726138,156,HPO·변수선택·임계값 조정에 사용한 내부 검증(독립 평가 아님),133,20,8.409553,7.18558,23.345291,7.120748,5.49177,6.993887,7.509043,7.535679,-0.052696,-0.309359,0.044872,-0.000199,-0.011828,0.203454,-0.068415,-0.194328,-0.118218,0.028649,-0.090624,-0.030229,-0.187527,0.089629,0.431,-0.169933,0.064073,양측 부트스트랩 꼬리비율 근사,3.0,False,True,True,True,False,잡음 기준선
NULL-1,잡음 변수 추가 (시드 1001),D1,45,11.000298,17.958648,0.673077,0.614035,17.802298,156,HPO·변수선택·임계값 조정에 사용한 내부 검증(독립 평가 아님),81,51,8.405866,7.121875,23.353849,7.127172,5.56946,7.006777,7.621611,7.583109,-0.043728,0.512017,-0.153846,-0.026163,-0.015516,0.139749,-0.059857,-0.187903,-0.040528,0.041539,0.021944,0.017201,-0.225222,0.124435,0.637,-0.195421,0.100068,양측 부트스트랩 꼬리비율 근사,3.0,False,True,True,False,False,잡음 기준선
NULL-2,잡음 변수 추가 (시드 1002),D1,45,10.971032,17.667247,0.846154,0.643902,18.324709,156,HPO·변수선택·임계값 조정에 사용한 내부 검증(독립 평가 아님),122,24,8.5372,7.252902,23.513438,6.934717,5.368445,6.973264,7.463926,7.498013,-0.072994,0.220616,0.019231,0.003704,0.115819,0.270776,0.099732,-0.380359,-0.241543,0.008026,-0.135741,-0.067896,-0.240671,0.090422,0.373,-0.215897,0.057439,양측 부트스트랩 꼬리비율 근사,2.0,False,False,True,True,False,잡음 기준선
NULL-3,잡음 변수 추가 (시드 1003),D1,45,10.883292,17.596382,0.846154,0.655087,18.526647,156,HPO·변수선택·임계값 조정에 사용한 내부 검증(독립 평가 아님),115,24,8.171446,7.280722,22.898752,6.942961,5.630305,6.895782,7.501171,7.494206,-0.160734,0.149751,0.019231,0.014888,-0.249935,0.298596,-0.514954,-0.372114,0.020317,-0.069455,-0.098496,-0.071702,-0.389566,0.054603,0.149,-0.35465,0.021696,양측 부트스트랩 꼬리비율 근사,2.0,False,False,True,True,False,잡음 기준선
NULL-4,잡음 변수 추가 (시드 1004),D1,45,10.8208,17.355124,0.801282,0.65445,18.430747,156,HPO·변수선택·임계값 조정에 사용한 내부 검증(독립 평가 아님),101,31,8.148077,7.014353,22.786586,7.175721,5.493212,6.839042,7.137524,7.405271,-0.223225,-0.091506,-0.025641,0.014252,-0.273304,0.032228,-0.62712,-0.139354,-0.116777,-0.126196,-0.462143,-0.160637,-0.435125,-0.052038,0.012,-0.40695,-0.073827,양측 부트스트랩 꼬리비율 근사,3.0,True,True,True,False,False,잡음 기준선
