변수,한글라벨,중요도(MAE 증가),표준편차
prod,계획생산량,11.7282,5.1829
y_avg_lag168,평균전력 168시간 전,9.0867,6.4456
hour_cos,시간 cos,2.261,0.555
prod_cum_day,일 누적생산량,2.2113,3.9852
roll168_avg_max,직전168h 평균전력 최대,1.6412,2.8516
y_avg_lag24,평균전력 24시간 전,1.3025,0.3887
is_shutdown,휴무일,1.2533,2.1264
roll168_avg_mean,직전168h 평균전력 평균,1.2271,1.9889
hour,시간,0.9474,0.3616
hour_sin,시간 sin,0.8941,0.2979
y_peak_lag24,peak15 24시간 전,0.5235,0.4653
y_peak_lag168,peak15 168시간 전,0.4719,0.5826
temp,기온,0.1919,0.189
roll24_peak_max,직전24h peak15 최대,0.1616,0.2383
roll24_avg_mean,직전24h 평균전력 평균,0.1225,0.2155
is_state_switch,가동 전환일,0.0238,0.0135
roll24_avg_max,직전24h 평균전력 최대,0.0121,0.1012
is_startup_08,08시 기동,0.0114,0.02
is_sat,토요일,0.0092,0.0893
roll24_peak_cnt,직전24h 피크 발생건수,0.0085,0.0121
is_daytime,주간(9~17시),0.0032,0.002
dow_cos,요일 cos,0.0027,0.0029
is_holiday,공휴일,0.0018,0.0031
is_restart_13,13시 재가동,0.0012,0.0034
prev_day_shutdown,전일 휴무,0.0005,0.0013
is_first_day_back,휴무 직후 재가동일,0.0003,0.0008
is_sun,일요일,0.0,0.0
hdd,난방도일 HDD,0.0,0.0
month,월,0.0,0.0
dow,요일,-0.001,0.0551
roll168_avg_std,직전168h 평균전력 표준편차,-0.0048,0.0124
cdd,냉방도일 CDD,-0.008,0.033
shutdown_nth,휴무 n일차,-0.0143,0.0245
roll24_avg_std,직전24h 평균전력 표준편차,-0.0146,0.1645
rain,강수량,-0.0146,0.0187
roll168_peak_max,직전168h peak15 최대,-0.0178,0.029
dow_sin,요일 sin,-0.022,0.0454
prod_chg_ratio,생산량 전일대비 변화율,-0.0402,0.0594
humid,습도,-0.0571,0.0677
roll168_peak_cnt,직전168h 피크 발생건수,-0.0573,0.1277
wind,풍속,-0.0633,0.0907
y_peak_lag48,peak15 48시간 전,-0.1078,0.7419
headcount,공장인원(정규화 공수),-0.3175,2.3207
y_avg_lag48,평균전력 48시간 전,-1.248,4.025
