기본요금단가 배수,α,비교기간(개월),L1c 단독 순절감(원),L1c+L2 순절감(원),L1c+L2+L4(야간) 순절감(원),최적 조합
0.7,0.1,8.466667,641028,646923,554683,L1c+L2
0.7,0.2,8.466667,641028,646923,555740,L1c+L2
0.7,0.3,8.466667,641028,646923,560092,L1c+L2
1.0,0.1,8.466667,915755,924176,833452,L1c+L2
1.0,0.2,8.466667,915755,924176,834509,L1c+L2
1.0,0.3,8.466667,915755,924176,838861,L1c+L2
1.3,0.1,8.466667,1190481,1201429,1112220,L1c+L2
1.3,0.2,8.466667,1190481,1201429,1113278,L1c+L2
1.3,0.3,8.466667,1190481,1201429,1117629,L1c+L2
