시점,조치,내용,주체,비고
전일 23:50,데이터 수집 점검,23시 이전 확정 실적과 수집 상태 점검; 23~24시 구간은 종료 후 확정,자동,마지막 구간의 관측완료 시각 준수
전일 24:00 이후,예측 실행 (원점),24시간 실적 확정 후 저장된 서비스 번들로 익일 전력 예측; 별도 분류모델로 피크확률 산출,자동,번들 manifest의 모델·입력 계약 확인; 연구 평가의 선정모델과 구분
예측 완료 후,경보 판정,peak15 예측 ≥ τ 인 시각을 위험시간으로 지정,자동,선정한 τ를 저장해 사용
익일 00:10 이후,조정 후보 검토,위험시간에서 L1 기동 분산의 적용 가능성 검토; L2는 추가 비용과 비교,현장,자동 스케줄 생성 기능 미구현; 납기·용량·인력 확인
익일 07:30,기동 계획 검토,08:00/08:20/08:40 단계 기동의 현장시험 여부 결정,현장,효과·생산량·인건비 영향 실측 필요
익일 08:00~,실시간 감시,위험시간 진입 시 15분 최대수요와 피크 기준을 대조,현장,q90은 평균전력 구간이므로 평균전력의 오차 점검에만 사용하고 15분 피크 감시와 분리
익일 12:50,재가동 점검,13시 단계 기동의 필요성과 실행 여건 확인,현장,분산으로 다른 시간에 새 피크가 생기는지도 점검
익일 종료 후,일일 검증 제안,예측 편차·실행 조치·생산량·15분 부하를 함께 기록,현장,3장 실패조건과 대조; 실제 저감효과 별도 평가
월 1회,임계값 재점검,θ·τ 재산출 여부 검토 (재산출 시 정의 변경 주의),분석,θ 고정 원칙 유지
