시각,fold,y_cls,prob,prob_cal
2021-07-21 00:00:00,3,0,8.129547595433253e-08,0.0
2021-07-21 01:00:00,3,0,2.0991979040218583e-06,0.022727272727272728
2021-07-21 02:00:00,3,0,6.394278338189014e-07,0.0
2021-07-21 03:00:00,3,0,8.632132780248828e-07,0.0
2021-07-21 04:00:00,3,0,6.396726862165038e-07,0.0
2021-07-21 05:00:00,3,0,1.80387237601519e-06,0.022727272727272728
2021-07-21 06:00:00,3,0,1.3433515154392555e-06,0.0
2021-07-21 07:00:00,3,0,2.2163676961535475e-05,0.022727272727272728
2021-07-21 08:00:00,3,1,0.07762293690976485,0.631578947368421
2021-07-21 09:00:00,3,1,0.0025682179939783287,0.4444444444444444
2021-07-21 10:00:00,3,1,0.008889268050588671,0.4444444444444444
2021-07-21 11:00:00,3,1,0.01425695291870439,0.4444444444444444
2021-07-21 12:00:00,3,0,0.00019328336713778262,0.12121212121212122
2021-07-21 13:00:00,3,1,0.2537386843842418,0.631578947368421
2021-07-21 14:00:00,3,1,0.00597774672412784,0.4444444444444444
2021-07-21 15:00:00,3,1,0.0018244740086075931,0.4444444444444444
2021-07-21 16:00:00,3,1,0.0007128669016137117,0.12121212121212122
2021-07-21 17:00:00,3,0,4.9223179293599945e-05,0.022727272727272728
2021-07-21 18:00:00,3,0,0.0014900445557741392,0.4444444444444444
2021-07-21 19:00:00,3,0,1.1873627196942092e-05,0.022727272727272728
2021-07-21 20:00:00,3,0,6.472037789236841e-07,0.0
2021-07-21 21:00:00,3,0,1.4921578410354197e-06,0.0
2021-07-21 22:00:00,3,0,1.996347193312025e-06,0.022727272727272728
2021-07-21 23:00:00,3,0,7.820434791927215e-07,0.0
2021-07-22 00:00:00,3,0,7.0446968452117506e-06,0.022727272727272728
2021-07-22 01:00:00,3,0,2.4619578550949685e-06,0.022727272727272728
2021-07-22 02:00:00,3,0,6.920643903675299e-07,0.0
2021-07-22 03:00:00,3,0,6.49881892933148e-07,0.0
2021-07-22 04:00:00,3,0,3.1890797399413094e-06,0.022727272727272728
2021-07-22 05:00:00,3,0,1.2094162420126912e-06,0.0
2021-07-22 06:00:00,3,0,8.148567262212008e-06,0.022727272727272728
2021-07-22 07:00:00,3,0,1.8945316391620618e-05,0.022727272727272728
2021-07-22 08:00:00,3,1,0.03448969427176728,0.4444444444444444
2021-07-22 09:00:00,3,1,0.004186718049354727,0.4444444444444444
2021-07-22 10:00:00,3,1,0.004649275050320611,0.4444444444444444
2021-07-22 11:00:00,3,1,0.05041407593264721,0.537710621256279
2021-07-22 12:00:00,3,0,0.0003258979959165754,0.12121212121212122
2021-07-22 13:00:00,3,0,0.0005658012293654638,0.12121212121212122
2021-07-22 14:00:00,3,1,0.2066610804442838,0.631578947368421
2021-07-22 15:00:00,3,0,0.04748958524043783,0.49110023454028207
2021-07-22 16:00:00,3,0,0.022102071277285765,0.4444444444444444
2021-07-22 17:00:00,3,0,0.002328068531221081,0.4444444444444444
2021-07-22 18:00:00,3,0,0.015413796798396237,0.4444444444444444
2021-07-22 19:00:00,3,0,0.009071965668544128,0.4444444444444444
2021-07-22 20:00:00,3,0,0.00036082787013849146,0.12121212121212122
2021-07-22 21:00:00,3,0,0.00031058021976881824,0.12121212121212122
2021-07-22 22:00:00,3,0,0.0008141994510769095,0.12121212121212122
2021-07-22 23:00:00,3,0,0.0002654677297862293,0.12121212121212122
2021-07-23 00:00:00,3,0,3.0709992758992384e-05,0.022727272727272728
2021-07-23 01:00:00,3,0,1.8290765336788688e-05,0.022727272727272728
2021-07-23 02:00:00,3,0,3.767546031277082e-05,0.022727272727272728
2021-07-23 03:00:00,3,0,2.8391333103170403e-05,0.022727272727272728
2021-07-23 04:00:00,3,0,2.512131146333661e-05,0.022727272727272728
2021-07-23 05:00:00,3,0,4.5059416080049975e-05,0.022727272727272728
2021-07-23 06:00:00,3,0,4.469664792134416e-06,0.022727272727272728
2021-07-23 07:00:00,3,0,0.0002726325591879958,0.12121212121212122
2021-07-23 08:00:00,3,1,0.9759459284619192,0.6666666666666666
2021-07-23 09:00:00,3,1,0.8427494390717826,0.6666666666666666
2021-07-23 10:00:00,3,1,0.9904347229957302,1.0
2021-07-23 11:00:00,3,1,0.8889920478022246,0.6666666666666666
2021-07-23 12:00:00,3,0,0.003698506195150667,0.4444444444444444
2021-07-23 13:00:00,3,1,0.9940716114789667,1.0
2021-07-23 14:00:00,3,1,0.9845310613507017,0.6666666666666666
2021-07-23 15:00:00,3,1,0.8831632751207338,0.6666666666666666
2021-07-23 16:00:00,3,1,0.9118823776734281,0.6666666666666666
2021-07-23 17:00:00,3,0,0.0033343615244551695,0.4444444444444444
2021-07-23 18:00:00,3,0,0.0410029921641002,0.4444444444444444
2021-07-23 19:00:00,3,0,2.7558841435010734e-05,0.022727272727272728
2021-07-23 20:00:00,3,0,3.306845046944379e-05,0.022727272727272728
2021-07-23 21:00:00,3,0,5.559283217358045e-06,0.022727272727272728
2021-07-23 22:00:00,3,0,9.636432945919115e-06,0.022727272727272728
2021-07-23 23:00:00,3,0,2.478834022301211e-05,0.022727272727272728
2021-07-24 00:00:00,3,0,4.610424945535212e-06,0.022727272727272728
2021-07-24 01:00:00,3,0,7.2750739239504264e-06,0.022727272727272728
2021-07-24 02:00:00,3,0,4.524213310827808e-06,0.022727272727272728
2021-07-24 03:00:00,3,0,1.7790269731304e-05,0.022727272727272728
2021-07-24 04:00:00,3,0,2.271728724033121e-05,0.022727272727272728
2021-07-24 05:00:00,3,0,4.1439917321587405e-05,0.022727272727272728
2021-07-24 06:00:00,3,0,2.5603589801646623e-06,0.022727272727272728
2021-07-24 07:00:00,3,0,1.0636029545588277e-05,0.022727272727272728
2021-07-24 08:00:00,3,0,0.08120201561432827,0.631578947368421
2021-07-24 09:00:00,3,0,0.04142367219939949,0.4444444444444444
2021-07-24 10:00:00,3,0,0.004337835851887388,0.4444444444444444
2021-07-24 11:00:00,3,0,0.0001658405695416657,0.12121212121212122
2021-07-24 12:00:00,3,0,0.003389484577039716,0.4444444444444444
2021-07-24 13:00:00,3,0,0.0063133459832748744,0.4444444444444444
2021-07-24 14:00:00,3,0,0.004829583891875488,0.4444444444444444
2021-07-24 15:00:00,3,0,0.009896590018449858,0.4444444444444444
2021-07-24 16:00:00,3,0,1.4304746600546869e-05,0.022727272727272728
2021-07-24 17:00:00,3,0,0.00013454095728409826,0.12121212121212122
2021-07-24 18:00:00,3,0,2.543001515873537e-05,0.022727272727272728
2021-07-24 19:00:00,3,0,1.5957954753495854e-05,0.022727272727272728
2021-07-24 20:00:00,3,0,1.2231434944311082e-05,0.022727272727272728
2021-07-24 21:00:00,3,0,9.318512309348394e-06,0.022727272727272728
2021-07-24 22:00:00,3,0,1.734548523140702e-05,0.022727272727272728
2021-07-24 23:00:00,3,0,1.728330213277593e-05,0.022727272727272728
2021-07-25 00:00:00,3,0,2.6006879482761843e-05,0.022727272727272728
2021-07-25 01:00:00,3,0,1.64528169258895e-06,0.022727272727272728
2021-07-25 02:00:00,3,0,2.803858032777249e-06,0.022727272727272728
2021-07-25 03:00:00,3,0,1.7395817611341413e-06,0.022727272727272728
2021-07-25 04:00:00,3,0,8.082378425924248e-07,0.0
2021-07-25 05:00:00,3,0,9.84202020856983e-07,0.0
2021-07-25 06:00:00,3,0,6.3650182748461055e-06,0.022727272727272728
2021-07-25 07:00:00,3,0,3.372783369857813e-05,0.022727272727272728
2021-07-25 08:00:00,3,0,0.012405100003273533,0.4444444444444444
2021-07-25 09:00:00,3,0,0.0009184974655052058,0.12121212121212122
2021-07-25 10:00:00,3,0,0.0008328319356086819,0.12121212121212122
2021-07-25 11:00:00,3,0,0.0035506801886970966,0.4444444444444444
2021-07-25 12:00:00,3,0,0.0005240736256955533,0.12121212121212122
2021-07-25 13:00:00,3,0,0.00019765854339916713,0.12121212121212122
2021-07-25 14:00:00,3,0,0.0012009413802777627,0.12121212121212122
2021-07-25 15:00:00,3,0,0.0038061683326886947,0.4444444444444444
2021-07-25 16:00:00,3,0,0.0012182155817218488,0.12121212121212122
2021-07-25 17:00:00,3,0,2.163834706433011e-05,0.022727272727272728
2021-07-25 18:00:00,3,0,3.752211493420435e-05,0.022727272727272728
2021-07-25 19:00:00,3,0,2.615713462615518e-05,0.022727272727272728
2021-07-25 20:00:00,3,0,3.941821004427616e-06,0.022727272727272728
2021-07-25 21:00:00,3,0,3.2080601957105513e-06,0.022727272727272728
2021-07-25 22:00:00,3,0,8.601483480658708e-06,0.022727272727272728
2021-07-25 23:00:00,3,0,5.7343941094016675e-06,0.022727272727272728
2021-07-26 00:00:00,3,0,0.0004215761724722915,0.12121212121212122
2021-07-26 01:00:00,3,0,0.0001277244414688106,0.12121212121212122
2021-07-26 02:00:00,3,0,8.535898552306553e-05,0.12121212121212122
2021-07-26 03:00:00,3,0,9.06556725883084e-05,0.12121212121212122
2021-07-26 04:00:00,3,0,0.00015591389736942482,0.12121212121212122
2021-07-26 05:00:00,3,0,0.0001408008658831873,0.12121212121212122
2021-07-26 06:00:00,3,0,0.0015275730471020874,0.4444444444444444
2021-07-26 07:00:00,3,0,0.0008810753183747586,0.12121212121212122
2021-07-26 08:00:00,3,1,0.8657932262770999,0.6666666666666666
2021-07-26 09:00:00,3,1,0.9574743084391423,0.6666666666666666
2021-07-26 10:00:00,3,1,0.6087163720323346,0.631578947368421
2021-07-26 11:00:00,3,1,0.9923386000302638,1.0
2021-07-26 12:00:00,3,0,0.0069034095866584225,0.4444444444444444
2021-07-26 13:00:00,3,0,0.5698624160607494,0.631578947368421
2021-07-26 14:00:00,3,1,0.9540091246867112,0.6666666666666666
2021-07-26 15:00:00,3,0,0.6795701077462624,0.631578947368421
2021-07-26 16:00:00,3,0,0.8556025155185732,0.6666666666666666
2021-07-26 17:00:00,3,0,0.8717594227336067,0.6666666666666666
2021-07-26 18:00:00,3,0,0.6725501161216219,0.631578947368421
2021-07-26 19:00:00,3,0,0.2743152163460257,0.631578947368421
2021-07-26 20:00:00,3,0,0.0008283531456665381,0.12121212121212122
2021-07-26 21:00:00,3,0,0.0006202161884440475,0.12121212121212122
2021-07-26 22:00:00,3,0,0.0001561462020769336,0.12121212121212122
2021-07-26 23:00:00,3,0,0.0001357692514911115,0.12121212121212122
2021-07-27 00:00:00,3,0,6.7881530621852985e-06,0.022727272727272728
2021-07-27 01:00:00,3,0,7.491054522124622e-06,0.022727272727272728
2021-07-27 02:00:00,3,0,1.0130601573491511e-05,0.022727272727272728
2021-07-27 03:00:00,3,0,1.1434353054187588e-05,0.022727272727272728
2021-07-27 04:00:00,3,0,1.0418941424184307e-05,0.022727272727272728
2021-07-27 05:00:00,3,0,1.1453297156102701e-05,0.022727272727272728
2021-07-27 06:00:00,3,0,1.069495309901535e-05,0.022727272727272728
2021-07-27 07:00:00,3,0,9.718305988803018e-05,0.12121212121212122
2021-07-27 08:00:00,3,1,0.862147426999459,0.6666666666666666
2021-07-27 09:00:00,3,1,0.9795121943421821,0.6666666666666666
2021-07-27 10:00:00,3,1,0.9791470479398153,0.6666666666666666
2021-07-27 11:00:00,3,1,0.9621806116214027,0.6666666666666666
2021-07-27 12:00:00,3,0,0.004353539738064726,0.4444444444444444
2021-07-27 13:00:00,3,1,0.04855598597745782,0.5011343030334994
2021-07-27 14:00:00,3,1,0.9328923121297246,0.6666666666666666
2021-07-27 15:00:00,3,1,0.23102670467764838,0.631578947368421
2021-07-27 16:00:00,3,1,0.06908602050059427,0.631578947368421
2021-07-27 17:00:00,3,0,0.0014742237360593532,0.4444444444444444
2021-07-27 18:00:00,3,0,0.023443413802285363,0.4444444444444444
2021-07-27 19:00:00,3,0,0.00233396311911074,0.4444444444444444
2021-07-27 20:00:00,3,0,6.127614633149696e-06,0.022727272727272728
2021-07-27 21:00:00,3,0,6.103896380226683e-06,0.022727272727272728
2021-07-27 22:00:00,3,0,1.0546096207438103e-06,0.0
2021-07-27 23:00:00,3,0,4.3779230955068015e-06,0.022727272727272728
2021-07-28 00:00:00,3,0,1.9863013899464223e-07,0.0
2021-07-28 01:00:00,3,0,2.3836512225148635e-06,0.022727272727272728
2021-07-28 02:00:00,3,0,1.1212371730760223e-06,0.0
2021-07-28 03:00:00,3,0,1.5917018286935552e-06,0.01733177931889705
2021-07-28 04:00:00,3,0,1.7426174059520428e-06,0.022727272727272728
2021-07-28 05:00:00,3,0,2.3795887664727127e-06,0.022727272727272728
2021-07-28 06:00:00,3,0,9.710854387514068e-07,0.0
2021-07-28 07:00:00,3,0,5.017137719669361e-05,0.022727272727272728
2021-07-28 08:00:00,3,1,0.9789624020250914,0.6666666666666666
2021-07-28 09:00:00,3,1,0.7969442460265155,0.631578947368421
2021-07-28 10:00:00,3,1,0.09712335016139438,0.631578947368421
2021-07-28 11:00:00,3,1,0.2572796941994685,0.631578947368421
2021-07-28 12:00:00,3,0,0.0002179196093470895,0.12121212121212122
2021-07-28 13:00:00,3,1,0.19340186236065568,0.631578947368421
2021-07-28 14:00:00,3,1,0.0244608002455089,0.4444444444444444
2021-07-28 15:00:00,3,1,0.010157902516684136,0.4444444444444444
2021-07-28 16:00:00,3,0,0.0037558116178057098,0.4444444444444444
2021-07-28 17:00:00,3,1,3.96015974548116e-05,0.022727272727272728
2021-07-28 18:00:00,3,1,0.05571277760048017,0.631578947368421
2021-07-28 19:00:00,3,0,0.0015895791944584713,0.4444444444444444
2021-07-28 20:00:00,3,0,2.5737731666111396e-05,0.022727272727272728
2021-07-28 21:00:00,3,0,2.4415726437033353e-05,0.022727272727272728
2021-07-28 22:00:00,3,0,2.0719832445217922e-06,0.022727272727272728
2021-07-28 23:00:00,3,0,1.745203542499909e-07,0.0
2021-07-29 00:00:00,3,0,5.811221715469219e-07,0.0
2021-07-29 01:00:00,3,0,1.2819616796852028e-06,0.0
2021-07-29 02:00:00,3,0,5.649432029206118e-07,0.0
2021-07-29 03:00:00,3,0,4.925428688110463e-07,0.0
2021-07-29 04:00:00,3,0,1.2069312327125297e-06,0.0
2021-07-29 05:00:00,3,0,3.2451988847076224e-06,0.022727272727272728
2021-07-29 06:00:00,3,0,1.124609599620551e-05,0.022727272727272728
2021-07-29 07:00:00,3,0,2.0082156240576207e-05,0.022727272727272728
2021-07-29 08:00:00,3,1,0.9516128444782008,0.6666666666666666
2021-07-29 09:00:00,3,1,0.2874838569632172,0.631578947368421
2021-07-29 10:00:00,3,1,0.7308682123409699,0.631578947368421
2021-07-29 11:00:00,3,1,0.7774811501955367,0.631578947368421
2021-07-29 12:00:00,3,0,4.5561257611154854e-05,0.022727272727272728
2021-07-29 13:00:00,3,1,0.010575068574398851,0.4444444444444444
2021-07-29 14:00:00,3,1,0.5857383272365088,0.631578947368421
2021-07-29 15:00:00,3,0,0.4321220502383795,0.631578947368421
2021-07-29 16:00:00,3,0,0.0314847791656031,0.4444444444444444
2021-07-29 17:00:00,3,0,0.00017450011726982234,0.12121212121212122
2021-07-29 18:00:00,3,0,0.280917096307337,0.631578947368421
2021-07-29 19:00:00,3,0,0.000200636490134283,0.12121212121212122
2021-07-29 20:00:00,3,0,7.555058076217341e-06,0.022727272727272728
2021-07-29 21:00:00,3,0,3.262162927983808e-05,0.022727272727272728
2021-07-29 22:00:00,3,0,3.572667530830045e-06,0.022727272727272728
2021-07-29 23:00:00,3,0,5.90775268838247e-06,0.022727272727272728
2021-07-30 00:00:00,3,0,2.753504630292887e-06,0.022727272727272728
2021-07-30 01:00:00,3,0,2.848499951409758e-06,0.022727272727272728
2021-07-30 02:00:00,3,0,5.37304304748475e-07,0.0
2021-07-30 03:00:00,3,0,2.4249658792286837e-06,0.022727272727272728
2021-07-30 04:00:00,3,0,2.2340583893232757e-06,0.022727272727272728
2021-07-30 05:00:00,3,0,2.750279853200303e-06,0.022727272727272728
2021-07-30 06:00:00,3,0,1.1206186423050002e-05,0.022727272727272728
2021-07-30 07:00:00,3,0,0.0001204361457958107,0.12121212121212122
2021-07-30 08:00:00,3,1,0.9441743299157981,0.6666666666666666
2021-07-30 09:00:00,3,1,0.9014449303043848,0.6666666666666666
2021-07-30 10:00:00,3,1,0.06814072604650624,0.631578947368421
2021-07-30 11:00:00,3,1,0.023943698022795952,0.4444444444444444
2021-07-30 12:00:00,3,0,3.628690025441747e-05,0.022727272727272728
2021-07-30 13:00:00,3,1,0.2073971365523829,0.631578947368421
2021-07-30 14:00:00,3,1,0.012634171843137764,0.4444444444444444
2021-07-30 15:00:00,3,1,0.0015402977598875497,0.4444444444444444
2021-07-30 16:00:00,3,0,0.0005264402049318053,0.12121212121212122
2021-07-30 17:00:00,3,1,0.002283564993473579,0.4444444444444444
2021-07-30 18:00:00,3,1,0.0019319432968670498,0.4444444444444444
2021-07-30 19:00:00,3,0,0.004262000765096756,0.4444444444444444
2021-07-30 20:00:00,3,0,1.0616297549154904e-05,0.022727272727272728
2021-07-30 21:00:00,3,0,1.136902144316855e-05,0.022727272727272728
2021-07-30 22:00:00,3,0,8.062880356821952e-06,0.022727272727272728
2021-07-30 23:00:00,3,0,5.327301505272689e-06,0.022727272727272728
2021-07-31 00:00:00,3,0,7.039330714493048e-07,0.0
2021-07-31 01:00:00,3,0,1.638030582145099e-06,0.022727272727272728
2021-07-31 02:00:00,3,0,7.794766518216204e-07,0.0
2021-07-31 03:00:00,3,0,7.197621673496168e-07,0.0
2021-07-31 04:00:00,3,0,8.504175418699158e-07,0.0
2021-07-31 05:00:00,3,0,4.866373435408444e-07,0.0
2021-07-31 06:00:00,3,0,7.321017025804739e-06,0.022727272727272728
2021-07-31 07:00:00,3,0,1.935783569517854e-05,0.022727272727272728
2021-07-31 08:00:00,3,0,0.004400734342947477,0.4444444444444444
2021-07-31 09:00:00,3,0,0.00012750820643476829,0.12121212121212122
2021-07-31 10:00:00,3,0,4.332141738118517e-05,0.022727272727272728
2021-07-31 11:00:00,3,0,4.047152782903616e-05,0.022727272727272728
2021-07-31 12:00:00,3,0,1.5583521429029e-05,0.022727272727272728
2021-07-31 13:00:00,3,0,1.7257218829525527e-06,0.022727272727272728
2021-07-31 14:00:00,3,0,0.00014592708036789253,0.12121212121212122
2021-07-31 15:00:00,3,0,6.445444952232823e-05,0.022727272727272728
2021-07-31 16:00:00,3,0,9.443701321207428e-06,0.022727272727272728
2021-07-31 17:00:00,3,0,1.1171797613925332e-05,0.022727272727272728
2021-07-31 18:00:00,3,0,1.4967010144532323e-05,0.022727272727272728
2021-07-31 19:00:00,3,0,1.8541482790969182e-06,0.022727272727272728
2021-07-31 20:00:00,3,0,2.5882934550946444e-06,0.022727272727272728
2021-07-31 21:00:00,3,0,1.931333178112551e-06,0.022727272727272728
2021-07-31 22:00:00,3,0,2.770831888982189e-06,0.022727272727272728
2021-07-31 23:00:00,3,0,2.597945577786698e-06,0.022727272727272728
2021-08-01 00:00:00,3,0,2.3643238503305722e-05,0.022727272727272728
2021-08-01 01:00:00,3,0,1.2059089168386588e-05,0.022727272727272728
2021-08-01 02:00:00,3,0,5.459514778763637e-06,0.022727272727272728
2021-08-01 03:00:00,3,0,4.910568881381874e-06,0.022727272727272728
2021-08-01 04:00:00,3,0,1.1171744803034328e-05,0.022727272727272728
2021-08-01 05:00:00,3,0,1.8232750084509486e-05,0.022727272727272728
2021-08-01 06:00:00,3,0,3.222204179139169e-05,0.022727272727272728
2021-08-01 07:00:00,3,0,3.586965646557787e-05,0.022727272727272728
2021-08-01 08:00:00,3,0,0.0053879678644135915,0.4444444444444444
2021-08-01 09:00:00,3,0,0.00010074938791029404,0.12121212121212122
2021-08-01 10:00:00,3,0,0.0001026780347347612,0.12121212121212122
2021-08-01 11:00:00,3,0,7.275136904561379e-05,0.022727272727272728
2021-08-01 12:00:00,3,0,1.0633817090210611e-05,0.022727272727272728
2021-08-01 13:00:00,3,0,0.0004987190121988937,0.12121212121212122
2021-08-01 14:00:00,3,0,0.00021026725460207966,0.12121212121212122
2021-08-01 15:00:00,3,0,0.000152271174324149,0.12121212121212122
2021-08-01 16:00:00,3,0,0.0003805261730097237,0.12121212121212122
2021-08-01 17:00:00,3,0,0.0003997159920531018,0.12121212121212122
2021-08-01 18:00:00,3,0,0.0004482950574322287,0.12121212121212122
2021-08-01 19:00:00,3,0,4.00440231843024e-05,0.022727272727272728
2021-08-01 20:00:00,3,0,2.1320814365732526e-05,0.022727272727272728
2021-08-01 21:00:00,3,0,1.82851963579117e-05,0.022727272727272728
2021-08-01 22:00:00,3,0,1.582383163836642e-05,0.022727272727272728
2021-08-01 23:00:00,3,0,2.5676214675426076e-05,0.022727272727272728
2021-08-02 00:00:00,3,0,4.324410174601976e-06,0.022727272727272728
2021-08-02 01:00:00,3,0,1.916623058307927e-06,0.022727272727272728
2021-08-02 02:00:00,3,0,4.8810825415642085e-06,0.022727272727272728
2021-08-02 03:00:00,3,0,6.97838914634199e-06,0.022727272727272728
2021-08-02 04:00:00,3,0,4.159930952118544e-06,0.022727272727272728
2021-08-02 05:00:00,3,0,1.9298318268295504e-06,0.022727272727272728
2021-08-02 06:00:00,3,0,5.027713641843466e-06,0.022727272727272728
2021-08-02 07:00:00,3,0,9.474131880549608e-06,0.022727272727272728
2021-08-02 08:00:00,3,0,0.9120817786538058,0.6666666666666666
2021-08-02 09:00:00,3,0,0.23984458895787356,0.631578947368421
2021-08-02 10:00:00,3,0,0.0019563353523966106,0.4444444444444444
2021-08-02 11:00:00,3,0,0.08679508579017003,0.631578947368421
2021-08-02 12:00:00,3,0,6.827955453250524e-06,0.022727272727272728
2021-08-02 13:00:00,3,0,0.05966022881044481,0.631578947368421
2021-08-02 14:00:00,3,0,0.0012228977320452251,0.12121212121212122
2021-08-02 15:00:00,3,0,0.0025247491582469717,0.4444444444444444
2021-08-02 16:00:00,3,0,0.0015834316478787111,0.4444444444444444
2021-08-02 17:00:00,3,0,0.0005872140783915479,0.12121212121212122
2021-08-02 18:00:00,3,0,0.0025645773781866393,0.4444444444444444
2021-08-02 19:00:00,3,0,0.00010317518110676133,0.12121212121212122
2021-08-02 20:00:00,3,0,2.547430442335618e-07,0.0
2021-08-02 21:00:00,3,0,4.795767726937717e-07,0.0
2021-08-02 22:00:00,3,0,2.939981057889188e-07,0.0
2021-08-02 23:00:00,3,0,2.1278594339869072e-07,0.0
2021-08-03 00:00:00,3,0,6.263286822712022e-06,0.022727272727272728
2021-08-03 01:00:00,3,0,4.798476954143581e-06,0.022727272727272728
2021-08-03 02:00:00,3,0,5.730648505919478e-06,0.022727272727272728
2021-08-03 03:00:00,3,0,4.208750996728718e-06,0.022727272727272728
2021-08-03 04:00:00,3,0,2.254480092557886e-05,0.022727272727272728
2021-08-03 05:00:00,3,0,5.837531615685645e-06,0.022727272727272728
2021-08-03 06:00:00,3,0,4.824214505257564e-06,0.022727272727272728
2021-08-03 07:00:00,3,0,0.0028840193944509878,0.4444444444444444
2021-08-03 08:00:00,3,0,0.8722081879370411,0.6666666666666666
2021-08-03 09:00:00,3,0,0.05286134361874603,0.5858848452291718
2021-08-03 10:00:00,3,0,0.004717055706120673,0.4444444444444444
2021-08-03 11:00:00,3,0,0.04425798106625245,0.4444444444444444
2021-08-03 12:00:00,3,0,2.2287321706768204e-05,0.022727272727272728
2021-08-03 13:00:00,3,0,0.015586696091261142,0.4444444444444444
2021-08-03 14:00:00,3,0,0.046991509056414395,0.46647302723431455
2021-08-03 15:00:00,3,0,0.0008542754632700105,0.12121212121212122
2021-08-03 16:00:00,3,0,0.10523743648816186,0.631578947368421
2021-08-03 17:00:00,3,0,0.14034301717095343,0.631578947368421
2021-08-03 18:00:00,3,0,0.06815645460120648,0.631578947368421
2021-08-03 19:00:00,3,0,0.009483237313766204,0.4444444444444444
2021-08-03 20:00:00,3,0,3.9138524649281204e-05,0.022727272727272728
2021-08-03 21:00:00,3,0,4.599200323807957e-05,0.022727272727272728
2021-08-03 22:00:00,3,0,1.533736897838638e-05,0.022727272727272728
2021-08-03 23:00:00,3,0,1.531070519779897e-05,0.022727272727272728
2021-08-04 00:00:00,4,0,1.9629822693821957e-06,0.00975609756097561
2021-08-04 01:00:00,4,0,1.154054878147475e-06,0.0
2021-08-04 02:00:00,4,0,1.4796212664038321e-06,0.0
2021-08-04 03:00:00,4,0,4.619517098401801e-06,0.00975609756097561
2021-08-04 04:00:00,4,0,5.150923485823324e-06,0.00975609756097561
2021-08-04 05:00:00,4,0,1.423970974664004e-06,0.0
2021-08-04 06:00:00,4,0,1.7989376822611868e-06,0.00975609756097561
2021-08-04 07:00:00,4,0,0.0010519861205250172,0.0625
2021-08-04 08:00:00,4,0,0.0918850374508345,0.5918367346938775
2021-08-04 09:00:00,4,0,0.004887333711554712,0.33333333333333337
2021-08-04 10:00:00,4,0,0.0009793132095943964,0.0625
2021-08-04 11:00:00,4,0,0.003163834355617899,0.33333333333333337
2021-08-04 12:00:00,4,0,8.575312087050725e-06,0.00975609756097561
2021-08-04 13:00:00,4,0,0.0017923738893086904,0.33333333333333337
2021-08-04 14:00:00,4,0,0.002530130607024599,0.33333333333333337
2021-08-04 15:00:00,4,0,0.0015699981957763354,0.3333333333333333
2021-08-04 16:00:00,4,0,0.0005714880381044132,0.06153846153846154
2021-08-04 17:00:00,4,0,0.0039003648165457276,0.33333333333333337
2021-08-04 18:00:00,4,0,0.0031260589779505375,0.33333333333333337
2021-08-04 19:00:00,4,0,0.00014596811894930728,0.06153846153846154
2021-08-04 20:00:00,4,0,2.7414365861666568e-06,0.00975609756097561
2021-08-04 21:00:00,4,0,1.134390907446398e-06,0.0
2021-08-04 22:00:00,4,0,9.417682099109251e-07,0.0
2021-08-04 23:00:00,4,0,1.0705486097905678e-06,0.0
2021-08-05 00:00:00,4,0,1.6763127086321029e-06,0.00975609756097561
2021-08-05 01:00:00,4,0,1.960365309822518e-06,0.00975609756097561
2021-08-05 02:00:00,4,0,1.8335594272021349e-06,0.00975609756097561
2021-08-05 03:00:00,4,0,1.128936899186057e-06,0.0
2021-08-05 04:00:00,4,0,9.361833818926759e-07,0.0
2021-08-05 05:00:00,4,0,1.0221641112143197e-06,0.0
2021-08-05 06:00:00,4,0,1.419294952110346e-06,0.0
2021-08-05 07:00:00,4,0,0.0002396756193043111,0.06153846153846154
2021-08-05 08:00:00,4,0,0.1785735167393791,0.5918367346938775
2021-08-05 09:00:00,4,0,0.00234116517995639,0.33333333333333337
2021-08-05 10:00:00,4,0,0.0014653147457567904,0.25
2021-08-05 11:00:00,4,0,0.003157721568575962,0.33333333333333337
2021-08-05 12:00:00,4,0,7.308325252837203e-06,0.00975609756097561
2021-08-05 13:00:00,4,0,0.00207209980838642,0.33333333333333337
2021-08-05 14:00:00,4,0,0.0011231930367427952,0.0625
2021-08-05 15:00:00,4,0,0.0008445084493052835,0.0625
2021-08-05 16:00:00,4,0,5.5427717819299236e-05,0.043478260869565216
2021-08-05 17:00:00,4,0,4.289678026138009e-06,0.00975609756097561
2021-08-05 18:00:00,4,0,0.001082389776028664,0.0625
2021-08-05 19:00:00,4,0,0.000589393449267799,0.06153846153846154
2021-08-05 20:00:00,4,0,5.53282762134373e-06,0.00975609756097561
2021-08-05 21:00:00,4,0,1.1486991773849616e-06,0.0
2021-08-05 22:00:00,4,0,3.534892544931406e-07,0.0
2021-08-05 23:00:00,4,0,5.762281848734811e-07,0.0
2021-08-06 00:00:00,4,0,1.898513412526056e-07,0.0
2021-08-06 01:00:00,4,0,2.0095185161158982e-07,0.0
2021-08-06 02:00:00,4,0,1.51998627450248e-07,0.0
2021-08-06 03:00:00,4,0,1.5517598081651313e-07,0.0
2021-08-06 04:00:00,4,0,1.439360821604578e-07,0.0
2021-08-06 05:00:00,4,0,2.3179187646583227e-07,0.0
2021-08-06 06:00:00,4,0,1.592266000125319e-07,0.0
2021-08-06 07:00:00,4,0,4.3619282720562283e-05,0.043478260869565216
2021-08-06 08:00:00,4,0,0.0071394677166671475,0.33333333333333337
2021-08-06 09:00:00,4,0,0.00010597307470828518,0.06153846153846154
2021-08-06 10:00:00,4,0,3.378204561657164e-05,0.00975609756097561
2021-08-06 11:00:00,4,0,0.00019672658975639515,0.06153846153846154
2021-08-06 12:00:00,4,0,3.765297407810366e-07,0.0
2021-08-06 13:00:00,4,0,0.0001767739106139552,0.06153846153846154
2021-08-06 14:00:00,4,0,0.00010895102369962268,0.06153846153846154
2021-08-06 15:00:00,4,0,5.7979688048811436e-05,0.043478260869565216
2021-08-06 16:00:00,4,0,8.76647852275435e-06,0.00975609756097561
2021-08-06 17:00:00,4,0,2.6755439336509562e-05,0.00975609756097561
2021-08-06 18:00:00,4,0,0.00010935221068367926,0.06153846153846154
2021-08-06 19:00:00,4,0,7.853306866699563e-06,0.00975609756097561
2021-08-06 20:00:00,4,0,1.2620532106624503e-07,0.0
2021-08-06 21:00:00,4,0,1.2846769071670554e-07,0.0
2021-08-06 22:00:00,4,0,1.156109301381393e-07,0.0
2021-08-06 23:00:00,4,0,5.104401495412107e-08,0.0
2021-08-07 00:00:00,4,0,2.2750170253834315e-06,0.00975609756097561
2021-08-07 01:00:00,4,0,5.384018599500476e-06,0.00975609756097561
2021-08-07 02:00:00,4,0,3.3171486270421774e-06,0.00975609756097561
2021-08-07 03:00:00,4,0,4.0662493947852855e-06,0.00975609756097561
2021-08-07 04:00:00,4,0,5.859847132893921e-06,0.00975609756097561
2021-08-07 05:00:00,4,0,3.85750609336935e-06,0.00975609756097561
2021-08-07 06:00:00,4,0,4.974687888933799e-06,0.00975609756097561
2021-08-07 07:00:00,4,0,1.5073571662360022e-05,0.00975609756097561
2021-08-07 08:00:00,4,0,0.00022791992742519712,0.06153846153846154
2021-08-07 09:00:00,4,0,4.233622593736293e-05,0.043478260869565216
2021-08-07 10:00:00,4,0,6.4101475715873425e-06,0.00975609756097561
2021-08-07 11:00:00,4,0,1.053347111236114e-05,0.00975609756097561
2021-08-07 12:00:00,4,0,7.3301481009306265e-06,0.00975609756097561
2021-08-07 13:00:00,4,0,6.083396589048618e-06,0.00975609756097561
2021-08-07 14:00:00,4,0,6.811880661544466e-06,0.00975609756097561
2021-08-07 15:00:00,4,0,4.63980291473053e-06,0.00975609756097561
2021-08-07 16:00:00,4,0,7.615096322837717e-07,0.0
2021-08-07 17:00:00,4,0,6.928858196061468e-06,0.00975609756097561
2021-08-07 18:00:00,4,0,2.901579309684559e-06,0.00975609756097561
2021-08-07 19:00:00,4,0,1.2292912626623163e-06,0.0
2021-08-07 20:00:00,4,0,1.0111140841245609e-06,0.0
2021-08-07 21:00:00,4,0,6.46339148462853e-07,0.0
2021-08-07 22:00:00,4,0,3.200621778873058e-07,0.0
2021-08-07 23:00:00,4,0,5.675222585628813e-07,0.0
2021-08-08 00:00:00,4,0,1.495641201545821e-06,0.0
2021-08-08 01:00:00,4,0,1.9403448998810725e-06,0.00975609756097561
2021-08-08 02:00:00,4,0,1.0295899120877762e-06,0.0
2021-08-08 03:00:00,4,0,1.9236515736451688e-06,0.00975609756097561
2021-08-08 04:00:00,4,0,1.4246197402943343e-06,0.0
2021-08-08 05:00:00,4,0,1.7657718976383714e-06,0.00975609756097561
2021-08-08 06:00:00,4,0,1.4420717150805242e-06,0.0
2021-08-08 07:00:00,4,0,4.2648089984600187e-07,0.0
2021-08-08 08:00:00,4,0,1.4593373889379037e-05,0.00975609756097561
2021-08-08 09:00:00,4,0,2.7449065168989274e-06,0.00975609756097561
2021-08-08 10:00:00,4,0,2.676675701334409e-06,0.00975609756097561
2021-08-08 11:00:00,4,0,1.9480915586543775e-06,0.00975609756097561
2021-08-08 12:00:00,4,0,5.3271274150094175e-06,0.00975609756097561
2021-08-08 13:00:00,4,0,6.748478335762016e-06,0.00975609756097561
2021-08-08 14:00:00,4,0,5.875586958647036e-06,0.00975609756097561
2021-08-08 15:00:00,4,0,8.744181931571975e-06,0.00975609756097561
2021-08-08 16:00:00,4,0,1.5607264004737822e-06,0.0
2021-08-08 17:00:00,4,0,3.696915593894667e-07,0.0
2021-08-08 18:00:00,4,0,3.0470320448990903e-07,0.0
2021-08-08 19:00:00,4,0,1.2168702922555277e-07,0.0
2021-08-08 20:00:00,4,0,1.274852204760931e-07,0.0
2021-08-08 21:00:00,4,0,1.2675563700932737e-07,0.0
2021-08-08 22:00:00,4,0,7.866042410059361e-08,0.0
2021-08-08 23:00:00,4,0,9.514283844823691e-08,0.0
2021-08-09 00:00:00,4,0,2.087260538333081e-06,0.00975609756097561
2021-08-09 01:00:00,4,0,2.2132022861795624e-06,0.00975609756097561
2021-08-09 02:00:00,4,0,1.1193795050999794e-06,0.0
2021-08-09 03:00:00,4,0,1.614505864176627e-06,0.00975609756097561
2021-08-09 04:00:00,4,0,6.563219355178445e-07,0.0
2021-08-09 05:00:00,4,0,1.019019710314726e-06,0.0
2021-08-09 06:00:00,4,0,7.490526756064321e-07,0.0
2021-08-09 07:00:00,4,0,7.685418797951244e-06,0.00975609756097561
2021-08-09 08:00:00,4,1,0.00024296419207484518,0.06153846153846154
2021-08-09 09:00:00,4,1,5.7183419482101654e-05,0.043478260869565216
2021-08-09 10:00:00,4,1,4.717201161450425e-05,0.043478260869565216
2021-08-09 11:00:00,4,1,0.00012267927385931106,0.06153846153846154
2021-08-09 12:00:00,4,0,3.817106410691096e-05,0.00975609756097561
2021-08-09 13:00:00,4,1,0.0004930787439813185,0.06153846153846154
2021-08-09 14:00:00,4,1,8.238714884768264e-05,0.06153846153846154
2021-08-09 15:00:00,4,0,8.40668881022874e-05,0.06153846153846154
2021-08-09 16:00:00,4,1,1.4764979149005304e-05,0.00975609756097561
2021-08-09 17:00:00,4,0,5.438494208235761e-06,0.00975609756097561
2021-08-09 18:00:00,4,0,9.782136181578627e-07,0.0
2021-08-09 19:00:00,4,0,3.415724397271487e-07,0.0
2021-08-09 20:00:00,4,0,1.72086587169313e-07,0.0
2021-08-09 21:00:00,4,0,1.160940512513354e-07,0.0
2021-08-09 22:00:00,4,0,7.697346537882404e-08,0.0
2021-08-09 23:00:00,4,0,1.1483573912066969e-07,0.0
2021-08-10 00:00:00,4,0,2.4464925583563735e-06,0.00975609756097561
2021-08-10 01:00:00,4,0,3.4763917192025294e-06,0.00975609756097561
2021-08-10 02:00:00,4,0,5.634025093584316e-06,0.00975609756097561
2021-08-10 03:00:00,4,0,5.878670829013455e-06,0.00975609756097561
2021-08-10 04:00:00,4,0,2.799581005509539e-06,0.00975609756097561
2021-08-10 05:00:00,4,0,3.568247679158866e-06,0.00975609756097561
2021-08-10 06:00:00,4,0,3.276852472966405e-06,0.00975609756097561
2021-08-10 07:00:00,4,0,9.952126328604465e-06,0.00975609756097561
2021-08-10 08:00:00,4,1,0.16671147991724103,0.5918367346938775
2021-08-10 09:00:00,4,1,0.016992574308203858,0.3548387096774194
2021-08-10 10:00:00,4,1,0.08432579707357891,0.5918367346938775
2021-08-10 11:00:00,4,1,0.01601823677834829,0.3548387096774194
2021-08-10 12:00:00,4,0,4.672672070368987e-05,0.043478260869565216
2021-08-10 13:00:00,4,1,0.026658057455514843,0.3548387096774194
2021-08-10 14:00:00,4,0,0.051164619276597066,0.5918367346938775
2021-08-10 15:00:00,4,0,0.007476938634302541,0.33333333333333337
2021-08-10 16:00:00,4,0,0.0026919453698862126,0.33333333333333337
2021-08-10 17:00:00,4,0,1.0947391356816168e-06,0.0
2021-08-10 18:00:00,4,0,1.1915868962158198e-06,0.0
2021-08-10 19:00:00,4,0,4.871424851891232e-07,0.0
2021-08-10 20:00:00,4,0,4.624065734503411e-07,0.0
2021-08-10 21:00:00,4,0,2.450195845586427e-07,0.0
2021-08-10 22:00:00,4,0,8.140779491464467e-08,0.0
2021-08-10 23:00:00,4,0,6.994069027139365e-08,0.0
2021-08-11 00:00:00,4,0,1.9808702985705035e-05,0.00975609756097561
2021-08-11 01:00:00,4,0,1.8050297273329476e-05,0.00975609756097561
2021-08-11 02:00:00,4,0,1.961224260089859e-06,0.00975609756097561
2021-08-11 03:00:00,4,0,2.3180879141222967e-05,0.00975609756097561
2021-08-11 04:00:00,4,0,2.176850622319557e-05,0.00975609756097561
2021-08-11 05:00:00,4,0,5.230476387357343e-06,0.00975609756097561
2021-08-11 06:00:00,4,0,9.58961588399157e-06,0.00975609756097561
2021-08-11 07:00:00,4,0,0.0001720810777270675,0.06153846153846154
2021-08-11 08:00:00,4,1,0.8381711124305611,0.7142857142857143
2021-08-11 09:00:00,4,1,0.9197574600385544,0.7142857142857143
2021-08-11 10:00:00,4,1,0.8161130757763982,0.7142857142857143
2021-08-11 11:00:00,4,1,0.802414507210659,0.6666666666666666
2021-08-11 12:00:00,4,0,0.003496264232016468,0.33333333333333337
2021-08-11 13:00:00,4,1,0.2580196487435864,0.5918367346938775
2021-08-11 14:00:00,4,1,0.540489507509365,0.5918367346938775
2021-08-11 15:00:00,4,0,0.03958392074652433,0.3548387096774194
2021-08-11 16:00:00,4,1,0.025428494413884443,0.3548387096774194
2021-08-11 17:00:00,4,0,0.00011763951874106761,0.06153846153846154
2021-08-11 18:00:00,4,1,5.003104808193768e-06,0.00975609756097561
2021-08-11 19:00:00,4,0,5.343754066240996e-06,0.00975609756097561
2021-08-11 20:00:00,4,0,2.0738556894406526e-06,0.00975609756097561
2021-08-11 21:00:00,4,0,2.7775517301350335e-06,0.00975609756097561
2021-08-11 22:00:00,4,0,1.2950653265113099e-05,0.00975609756097561
2021-08-11 23:00:00,4,0,4.145244369685946e-06,0.00975609756097561
2021-08-12 00:00:00,4,0,1.4714225699804027e-05,0.00975609756097561
2021-08-12 01:00:00,4,0,1.2944567814910403e-05,0.00975609756097561
2021-08-12 02:00:00,4,0,1.57591881174283e-05,0.00975609756097561
2021-08-12 03:00:00,4,0,1.299761085721524e-05,0.00975609756097561
2021-08-12 04:00:00,4,0,1.023013757486927e-05,0.00975609756097561
2021-08-12 05:00:00,4,0,6.047850882431863e-06,0.00975609756097561
2021-08-12 06:00:00,4,0,1.8442106827872778e-05,0.00975609756097561
2021-08-12 07:00:00,4,0,3.174384845793905e-05,0.00975609756097561
2021-08-12 08:00:00,4,1,0.9248508357123958,0.7142857142857143
2021-08-12 09:00:00,4,1,0.8490967867455583,0.7142857142857143
2021-08-12 10:00:00,4,0,0.3955117108449796,0.5918367346938775
2021-08-12 11:00:00,4,1,0.671199218866418,0.5918367346938775
2021-08-12 12:00:00,4,0,0.0049221729022325385,0.33333333333333337
2021-08-12 13:00:00,4,1,0.9452880217232102,0.7142857142857143
2021-08-12 14:00:00,4,1,0.769439084054699,0.6340376505890538
2021-08-12 15:00:00,4,1,0.06660775794638,0.5918367346938775
2021-08-12 16:00:00,4,0,0.08729772775185606,0.5918367346938775
2021-08-12 17:00:00,4,0,0.0041105431473851105,0.33333333333333337
2021-08-12 18:00:00,4,0,0.0018512709104772237,0.33333333333333337
2021-08-12 19:00:00,4,0,4.877743521139855e-06,0.00975609756097561
2021-08-12 20:00:00,4,0,8.9731771036854e-06,0.00975609756097561
2021-08-12 21:00:00,4,0,1.132414296243481e-06,0.0
2021-08-12 22:00:00,4,0,1.083196643007089e-06,0.0
2021-08-12 23:00:00,4,0,7.696886338212494e-06,0.00975609756097561
2021-08-13 00:00:00,4,0,2.8055478210884206e-05,0.00975609756097561
2021-08-13 01:00:00,4,0,1.3908495832884355e-05,0.00975609756097561
2021-08-13 02:00:00,4,0,2.4854621537998257e-05,0.00975609756097561
2021-08-13 03:00:00,4,0,4.1486731114223005e-05,0.043478260869565216
2021-08-13 04:00:00,4,0,2.8235393266125055e-05,0.00975609756097561
2021-08-13 05:00:00,4,0,2.4977423950186787e-06,0.00975609756097561
2021-08-13 06:00:00,4,0,1.0875529818752047e-05,0.00975609756097561
2021-08-13 07:00:00,4,0,0.0004379904870167617,0.06153846153846154
2021-08-13 08:00:00,4,1,0.11690177636200115,0.5918367346938775
2021-08-13 09:00:00,4,1,0.3292552260766786,0.5918367346938775
2021-08-13 10:00:00,4,1,0.04446406883619029,0.3548387096774194
2021-08-13 11:00:00,4,1,0.0193021067078406,0.3548387096774194
2021-08-13 12:00:00,4,0,0.0008532707409876461,0.0625
2021-08-13 13:00:00,4,1,0.3504603221948201,0.5918367346938775
2021-08-13 14:00:00,4,1,0.5334126165187928,0.5918367346938775
2021-08-13 15:00:00,4,1,0.021768793331001807,0.3548387096774194
2021-08-13 16:00:00,4,0,0.005646659727032665,0.33333333333333337
2021-08-13 17:00:00,4,0,0.0011230623940167723,0.0625
2021-08-13 18:00:00,4,0,0.0005828722409403069,0.06153846153846154
2021-08-13 19:00:00,4,0,6.107656234421989e-07,0.0
2021-08-13 20:00:00,4,0,9.3542303239526e-06,0.00975609756097561
2021-08-13 21:00:00,4,0,2.2956213485509973e-05,0.00975609756097561
2021-08-13 22:00:00,4,0,2.3615970719216447e-06,0.00975609756097561
2021-08-13 23:00:00,4,0,9.068711954907308e-06,0.00975609756097561
2021-08-14 00:00:00,4,0,2.6826175136795286e-06,0.00975609756097561
2021-08-14 01:00:00,4,0,1.547225386526999e-05,0.00975609756097561
2021-08-14 02:00:00,4,0,1.366403124442414e-05,0.00975609756097561
2021-08-14 03:00:00,4,0,9.784288591973452e-06,0.00975609756097561
2021-08-14 04:00:00,4,0,1.1588283090516742e-05,0.00975609756097561
2021-08-14 05:00:00,4,0,2.054228127645193e-05,0.00975609756097561
2021-08-14 06:00:00,4,0,3.1319915555436827e-06,0.00975609756097561
2021-08-14 07:00:00,4,0,1.9005204213520522e-06,0.00975609756097561
2021-08-14 08:00:00,4,0,0.0021946062278311563,0.33333333333333337
2021-08-14 09:00:00,4,0,3.6897466262851256e-06,0.00975609756097561
2021-08-14 10:00:00,4,0,5.921541979591259e-05,0.043478260869565216
2021-08-14 11:00:00,4,0,9.067643279821821e-05,0.06153846153846154
2021-08-14 12:00:00,4,0,1.3790926521484488e-06,0.0
2021-08-14 13:00:00,4,0,1.3190344118121247e-05,0.00975609756097561
2021-08-14 14:00:00,4,0,9.582185189386066e-06,0.00975609756097561
2021-08-14 15:00:00,4,0,2.6751260659252895e-05,0.00975609756097561
2021-08-14 16:00:00,4,0,4.9300892787143793e-05,0.043478260869565216
2021-08-14 17:00:00,4,0,1.2582728721937759e-06,0.0
2021-08-14 18:00:00,4,0,2.7622477761683614e-06,0.00975609756097561
2021-08-14 19:00:00,4,0,8.351767409903427e-07,0.0
2021-08-14 20:00:00,4,0,1.3493918125024056e-06,0.0
2021-08-14 21:00:00,4,0,2.2918744326204025e-07,0.0
2021-08-14 22:00:00,4,0,2.3088299831121323e-07,0.0
2021-08-14 23:00:00,4,0,1.9864831852580246e-07,0.0
2021-08-15 00:00:00,4,0,1.708923419887213e-05,0.00975609756097561
2021-08-15 01:00:00,4,0,2.4635028723680164e-06,0.00975609756097561
2021-08-15 02:00:00,4,0,2.7137522726726613e-06,0.00975609756097561
2021-08-15 03:00:00,4,0,2.4075809076486446e-06,0.00975609756097561
2021-08-15 04:00:00,4,0,3.3044607318162215e-06,0.00975609756097561
2021-08-15 05:00:00,4,0,3.3044607318162215e-06,0.00975609756097561
2021-08-15 06:00:00,4,0,2.784867078723256e-06,0.00975609756097561
2021-08-15 07:00:00,4,0,6.5403540685550555e-06,0.00975609756097561
2021-08-15 08:00:00,4,0,0.0060219851723620045,0.33333333333333337
2021-08-15 09:00:00,4,0,0.0017598226342026028,0.33333333333333337
2021-08-15 10:00:00,4,0,0.0008542632121896095,0.0625
2021-08-15 11:00:00,4,0,0.0018216599877355483,0.33333333333333337
2021-08-15 12:00:00,4,0,8.760584378284112e-05,0.06153846153846154
2021-08-15 13:00:00,4,0,0.0010664199164756964,0.0625
2021-08-15 14:00:00,4,0,0.0017430791962821832,0.33333333333333337
2021-08-15 15:00:00,4,0,0.0006454652398938641,0.06180049874525458
2021-08-15 16:00:00,4,0,0.00034494186580652335,0.06153846153846154
2021-08-15 17:00:00,4,0,1.6146863747103204e-05,0.00975609756097561
2021-08-15 18:00:00,4,0,2.3627413411237656e-05,0.00975609756097561
2021-08-15 19:00:00,4,0,1.0447398084261656e-05,0.00975609756097561
2021-08-15 20:00:00,4,0,5.833083675625233e-06,0.00975609756097561
2021-08-15 21:00:00,4,0,1.1809613997109567e-05,0.00975609756097561
2021-08-15 22:00:00,4,0,9.254235341080147e-06,0.00975609756097561
2021-08-15 23:00:00,4,0,6.879782268067182e-06,0.00975609756097561
2021-08-16 00:00:00,4,0,4.7073698050823994e-05,0.043478260869565216
2021-08-16 01:00:00,4,0,5.1862805104675025e-05,0.043478260869565216
2021-08-16 02:00:00,4,0,6.048664193534011e-05,0.043478260869565216
2021-08-16 03:00:00,4,0,5.648271324789228e-05,0.043478260869565216
2021-08-16 04:00:00,4,0,5.658535878039695e-05,0.043478260869565216
2021-08-16 05:00:00,4,0,4.1995899126685256e-05,0.043478260869565216
2021-08-16 06:00:00,4,0,6.45864789980063e-05,0.043478260869565216
2021-08-16 07:00:00,4,0,0.00011891693855677466,0.06153846153846154
2021-08-16 08:00:00,4,0,0.9865998295698727,0.916423376046131
2021-08-16 09:00:00,4,1,0.5825005789449939,0.5918367346938775
2021-08-16 10:00:00,4,0,0.1396726790691149,0.5918367346938775
2021-08-16 11:00:00,4,0,0.9213793547626754,0.7142857142857143
2021-08-16 12:00:00,4,0,0.004444066704507452,0.33333333333333337
2021-08-16 13:00:00,4,0,0.5425115507984573,0.5918367346938775
2021-08-16 14:00:00,4,0,0.5341492798922017,0.5918367346938775
2021-08-16 15:00:00,4,0,0.7192501333033231,0.5918367346938775
2021-08-16 16:00:00,4,0,0.0033538384653494006,0.33333333333333337
2021-08-16 17:00:00,4,0,0.0010962581443762147,0.0625
2021-08-16 18:00:00,4,0,0.00010444121629646552,0.06153846153846154
2021-08-16 19:00:00,4,0,4.938891190333386e-05,0.043478260869565216
2021-08-16 20:00:00,4,0,2.1800701136320038e-05,0.00975609756097561
2021-08-16 21:00:00,4,0,2.7880638840008512e-05,0.00975609756097561
2021-08-16 22:00:00,4,0,4.006916562495628e-05,0.043478260869565216
2021-08-16 23:00:00,4,0,2.264062086770595e-05,0.00975609756097561
2021-08-17 00:00:00,4,0,3.739884787698418e-05,0.00975609756097561
2021-08-17 01:00:00,4,0,4.160619342893937e-05,0.043478260869565216
2021-08-17 02:00:00,4,0,4.2474299475817246e-05,0.043478260869565216
2021-08-17 03:00:00,4,0,2.7037092148259518e-05,0.00975609756097561
2021-08-17 04:00:00,4,0,2.4508843047931e-05,0.00975609756097561
2021-08-17 05:00:00,4,0,3.387951201129528e-05,0.00975609756097561
2021-08-17 06:00:00,4,0,2.812110339584816e-05,0.00975609756097561
2021-08-17 07:00:00,4,0,2.4887497130195493e-05,0.00975609756097561
2021-08-17 08:00:00,4,0,0.19030232703959354,0.5918367346938775
2021-08-17 09:00:00,4,0,0.19627688051074774,0.5918367346938775
2021-08-17 10:00:00,4,0,0.02369067093726974,0.3548387096774194
2021-08-17 11:00:00,4,0,0.04711062068391509,0.3548387096774194
2021-08-17 12:00:00,4,0,0.00014106189324740237,0.06153846153846154
2021-08-17 13:00:00,4,0,0.015949727907263213,0.3548387096774194
2021-08-17 14:00:00,4,0,0.01285925602168567,0.3548387096774194
2021-08-17 15:00:00,4,0,0.0018680079468246403,0.33333333333333337
2021-08-17 16:00:00,4,0,0.0007686109924655588,0.0625
2021-08-17 17:00:00,4,0,5.332535996882627e-06,0.00975609756097561
2021-08-17 18:00:00,4,0,4.843627115724579e-05,0.043478260869565216
2021-08-17 19:00:00,4,0,2.7223786254130207e-06,0.00975609756097561
2021-08-17 20:00:00,4,0,1.0009298586792492e-06,0.0
2021-08-17 21:00:00,4,0,1.007642392428483e-06,0.0
2021-08-17 22:00:00,4,0,1.5398242998784564e-06,0.0
2021-08-17 23:00:00,4,0,1.3411271621376757e-06,0.0
2021-08-18 00:00:00,5,0,3.7318151292380837e-06,0.011904761904761904
2021-08-18 01:00:00,5,0,4.265188419360557e-05,0.05263157894736842
2021-08-18 02:00:00,5,0,8.059259481336315e-05,0.0763888888888889
2021-08-18 03:00:00,5,0,0.0002089444206681924,0.0763888888888889
2021-08-18 04:00:00,5,0,4.50316466542151e-05,0.05263157894736842
2021-08-18 05:00:00,5,0,9.505993837857317e-05,0.0763888888888889
2021-08-18 06:00:00,5,0,8.268547701737621e-05,0.0763888888888889
2021-08-18 07:00:00,5,0,0.0002077224342125773,0.0763888888888889
2021-08-18 08:00:00,5,0,0.7943415224418033,0.7575757575757576
2021-08-18 09:00:00,5,0,0.18559535971848862,0.5614035087719297
2021-08-18 10:00:00,5,0,0.3133344255383509,0.5614035087719297
2021-08-18 11:00:00,5,0,0.27884394517864436,0.5614035087719297
2021-08-18 12:00:00,5,0,0.0007088230153543726,0.0763888888888889
2021-08-18 13:00:00,5,0,0.06015559029306162,0.5614035087719297
2021-08-18 14:00:00,5,0,0.290809261026171,0.5614035087719297
2021-08-18 15:00:00,5,0,0.0015575458717128426,0.21428571428571427
2021-08-18 16:00:00,5,1,0.0017383429681807115,0.21428571428571427
2021-08-18 17:00:00,5,0,2.5721006356668935e-05,0.011904761904761904
2021-08-18 18:00:00,5,0,4.339229258938026e-05,0.05263157894736842
2021-08-18 19:00:00,5,0,6.603671510458964e-06,0.011904761904761904
2021-08-18 20:00:00,5,0,1.6756255291749662e-06,0.011904761904761904
2021-08-18 21:00:00,5,0,1.5205278704450938e-06,0.0
2021-08-18 22:00:00,5,0,2.790228290175408e-06,0.011904761904761904
2021-08-18 23:00:00,5,0,2.553874047331631e-06,0.011904761904761904
2021-08-19 00:00:00,5,0,2.510767726305342e-05,0.011904761904761904
2021-08-19 01:00:00,5,0,2.091401816470523e-05,0.011904761904761904
2021-08-19 02:00:00,5,0,4.6806753777263553e-05,0.05263157894736842
2021-08-19 03:00:00,5,0,5.0120158731034404e-06,0.011904761904761904
2021-08-19 04:00:00,5,0,4.431944545719955e-06,0.011904761904761904
2021-08-19 05:00:00,5,0,5.563847544875776e-05,0.0763888888888889
2021-08-19 06:00:00,5,0,2.8497864878403106e-05,0.011904761904761904
2021-08-19 07:00:00,5,0,6.752981551208788e-05,0.0763888888888889
2021-08-19 08:00:00,5,0,0.07293398069825151,0.5614035087719297
2021-08-19 09:00:00,5,0,0.06989261205259135,0.5614035087719297
2021-08-19 10:00:00,5,0,0.020074506399319014,0.43333333333333335
2021-08-19 11:00:00,5,1,0.13315719592645414,0.5614035087719297
2021-08-19 12:00:00,5,0,0.004836995118356012,0.21428571428571427
2021-08-19 13:00:00,5,0,0.03581370818330946,0.43333333333333335
2021-08-19 14:00:00,5,0,0.12640015872954705,0.5614035087719297
2021-08-19 15:00:00,5,0,0.027530080728204703,0.43333333333333335
2021-08-19 16:00:00,5,0,0.017126537316399702,0.43333333333333335
2021-08-19 17:00:00,5,0,8.484148107957442e-05,0.0763888888888889
2021-08-19 18:00:00,5,0,1.2256433976114923e-05,0.011904761904761904
2021-08-19 19:00:00,5,0,1.1739557476829413e-05,0.011904761904761904
2021-08-19 20:00:00,5,0,4.3153335583058166e-07,0.0
2021-08-19 21:00:00,5,0,3.6912590404249244e-06,0.011904761904761904
2021-08-19 22:00:00,5,0,9.552165555754532e-07,0.0
2021-08-19 23:00:00,5,0,1.6722076758363953e-06,0.011904761904761904
2021-08-20 00:00:00,5,0,3.6238661003685145e-05,0.011904761904761904
2021-08-20 01:00:00,5,0,5.695585087525432e-05,0.0763888888888889
2021-08-20 02:00:00,5,0,7.5242601621476465e-06,0.011904761904761904
2021-08-20 03:00:00,5,0,3.151914923772343e-05,0.011904761904761904
2021-08-20 04:00:00,5,0,0.0001460016320328916,0.0763888888888889
2021-08-20 05:00:00,5,0,0.0002090311528749251,0.0763888888888889
2021-08-20 06:00:00,5,0,2.6946659201718256e-05,0.011904761904761904
2021-08-20 07:00:00,5,0,0.001049682149228168,0.0763888888888889
2021-08-20 08:00:00,5,0,0.854689078744009,0.7575757575757576
2021-08-20 09:00:00,5,0,0.34525417065441144,0.5614035087719297
2021-08-20 10:00:00,5,0,0.13298500027844928,0.5614035087719297
2021-08-20 11:00:00,5,1,0.4293284404255798,0.5614035087719297
2021-08-20 12:00:00,5,0,0.000958725505501173,0.0763888888888889
2021-08-20 13:00:00,5,0,0.11970814795121504,0.5614035087719297
2021-08-20 14:00:00,5,0,0.604704067758997,0.6
2021-08-20 15:00:00,5,0,0.03897500996306767,0.43333333333333335
2021-08-20 16:00:00,5,0,0.6910878540480042,0.6
2021-08-20 17:00:00,5,0,0.014431146575504076,0.38461538461538464
2021-08-20 18:00:00,5,0,0.00010405355536812553,0.0763888888888889
2021-08-20 19:00:00,5,0,3.4440636895677133e-06,0.011904761904761904
2021-08-20 20:00:00,5,0,2.3462387300060298e-06,0.011904761904761904
2021-08-20 21:00:00,5,0,3.998949644305564e-06,0.011904761904761904
2021-08-20 22:00:00,5,0,5.645444615170404e-06,0.011904761904761904
2021-08-20 23:00:00,5,0,5.850439641480217e-06,0.011904761904761904
2021-08-21 00:00:00,5,0,6.3791334835376585e-06,0.011904761904761904
2021-08-21 01:00:00,5,0,5.577407238805368e-05,0.0763888888888889
2021-08-21 02:00:00,5,0,8.062437697400691e-05,0.0763888888888889
2021-08-21 03:00:00,5,0,3.784276012994929e-05,0.011904761904761904
2021-08-21 04:00:00,5,0,6.412143860165366e-05,0.0763888888888889
2021-08-21 05:00:00,5,0,5.122522235090688e-06,0.011904761904761904
2021-08-21 06:00:00,5,0,1.3798935994539339e-05,0.011904761904761904
2021-08-21 07:00:00,5,0,9.459351788859087e-05,0.0763888888888889
2021-08-21 08:00:00,5,0,0.002388886275294023,0.21428571428571427
2021-08-21 09:00:00,5,0,0.00040051565864216885,0.0763888888888889
2021-08-21 10:00:00,5,0,1.8373576267004877e-05,0.011904761904761904
2021-08-21 11:00:00,5,0,7.381122605926942e-05,0.0763888888888889
2021-08-21 12:00:00,5,0,2.1951338444398273e-06,0.011904761904761904
2021-08-21 13:00:00,5,0,1.0363895797081382e-05,0.011904761904761904
2021-08-21 14:00:00,5,0,4.558435187684486e-05,0.05263157894736842
2021-08-21 15:00:00,5,0,4.7517896523720814e-05,0.0763888888888889
2021-08-21 16:00:00,5,0,2.1946476042882424e-06,0.011904761904761904
2021-08-21 17:00:00,5,0,4.91902149397201e-07,0.0
2021-08-21 18:00:00,5,0,4.3159196899979206e-07,0.0
2021-08-21 19:00:00,5,0,1.7427659225158972e-07,0.0
2021-08-21 20:00:00,5,0,2.3428548108213242e-07,0.0
2021-08-21 21:00:00,5,0,1.6367480419130696e-07,0.0
2021-08-21 22:00:00,5,0,2.569342720171804e-07,0.0
2021-08-21 23:00:00,5,0,2.538009551073738e-07,0.0
2021-08-22 00:00:00,5,0,4.078741543077738e-06,0.011904761904761904
2021-08-22 01:00:00,5,0,1.3742073415112106e-06,0.0
2021-08-22 02:00:00,5,0,1.7090257202376497e-06,0.011904761904761904
2021-08-22 03:00:00,5,0,1.3254163950688444e-06,0.0
2021-08-22 04:00:00,5,0,3.3994163323857002e-06,0.011904761904761904
2021-08-22 05:00:00,5,0,5.38951090492734e-06,0.011904761904761904
2021-08-22 06:00:00,5,0,2.2127697929255765e-06,0.011904761904761904
2021-08-22 07:00:00,5,0,9.472287211684747e-06,0.011904761904761904
2021-08-22 08:00:00,5,0,0.0006881238929137675,0.0763888888888889
2021-08-22 09:00:00,5,0,0.00011019430687412516,0.0763888888888889
2021-08-22 10:00:00,5,0,9.529661900641168e-05,0.0763888888888889
2021-08-22 11:00:00,5,0,0.0002449921698158171,0.0763888888888889
2021-08-22 12:00:00,5,0,3.471335473313476e-05,0.011904761904761904
2021-08-22 13:00:00,5,0,0.00018406427259511773,0.0763888888888889
2021-08-22 14:00:00,5,0,0.00014820949338193484,0.0763888888888889
2021-08-22 15:00:00,5,0,0.00010037884146661808,0.0763888888888889
2021-08-22 16:00:00,5,0,2.494867767271864e-05,0.011904761904761904
2021-08-22 17:00:00,5,0,3.256680456221344e-05,0.011904761904761904
2021-08-22 18:00:00,5,0,5.102985374024671e-05,0.0763888888888889
2021-08-22 19:00:00,5,0,3.3650706337936223e-06,0.011904761904761904
2021-08-22 20:00:00,5,0,3.030877431055657e-06,0.011904761904761904
2021-08-22 21:00:00,5,0,3.834612422889599e-06,0.011904761904761904
2021-08-22 22:00:00,5,0,5.596037129228309e-06,0.011904761904761904
2021-08-22 23:00:00,5,0,3.2858743213338975e-06,0.011904761904761904
2021-08-23 00:00:00,5,0,5.857068617303369e-05,0.0763888888888889
2021-08-23 01:00:00,5,0,5.4772400743564774e-05,0.0763888888888889
2021-08-23 02:00:00,5,0,6.658267336856439e-05,0.0763888888888889
2021-08-23 03:00:00,5,0,7.131247380250518e-05,0.0763888888888889
2021-08-23 04:00:00,5,0,3.862799072023321e-05,0.011904761904761904
2021-08-23 05:00:00,5,0,5.977245544717669e-05,0.0763888888888889
2021-08-23 06:00:00,5,0,7.032944096479054e-05,0.0763888888888889
2021-08-23 07:00:00,5,0,0.00016237160583902502,0.0763888888888889
2021-08-23 08:00:00,5,0,0.6640172176358514,0.6
2021-08-23 09:00:00,5,1,0.5937995374422789,0.6
2021-08-23 10:00:00,5,0,0.4848049398352831,0.5614035087719297
2021-08-23 11:00:00,5,1,0.6740855527732736,0.6
2021-08-23 12:00:00,5,0,0.006343483077739365,0.21428571428571427
2021-08-23 13:00:00,5,1,0.3429867141764151,0.5614035087719297
2021-08-23 14:00:00,5,1,0.02936776404106918,0.43333333333333335
2021-08-23 15:00:00,5,1,0.012562822142401037,0.38461538461538464
2021-08-23 16:00:00,5,0,0.00023033878487514436,0.0763888888888889
2021-08-23 17:00:00,5,0,7.902720129975914e-05,0.0763888888888889
2021-08-23 18:00:00,5,0,5.028431646826382e-05,0.0763888888888889
2021-08-23 19:00:00,5,0,1.7719560879398802e-06,0.011904761904761904
2021-08-23 20:00:00,5,0,3.1517331169551157e-06,0.011904761904761904
2021-08-23 21:00:00,5,0,1.934339517111692e-06,0.011904761904761904
2021-08-23 22:00:00,5,0,1.4911737394711402e-06,0.0
2021-08-23 23:00:00,5,0,1.2709784742134972e-06,0.0
2021-08-24 00:00:00,5,0,7.747455188738255e-06,0.011904761904761904
2021-08-24 01:00:00,5,0,3.1154313599669383e-06,0.011904761904761904
2021-08-24 02:00:00,5,0,8.9062983987525e-06,0.011904761904761904
2021-08-24 03:00:00,5,0,7.455022823260158e-06,0.011904761904761904
2021-08-24 04:00:00,5,0,2.4811824995366396e-06,0.011904761904761904
2021-08-24 05:00:00,5,0,8.111772852096758e-06,0.011904761904761904
2021-08-24 06:00:00,5,0,2.873245269477184e-06,0.011904761904761904
2021-08-24 07:00:00,5,0,0.00013824150659804918,0.0763888888888889
2021-08-24 08:00:00,5,1,0.0669434603043212,0.5614035087719297
2021-08-24 09:00:00,5,1,0.6614456137583278,0.6
2021-08-24 10:00:00,5,0,0.14946828035960835,0.5614035087719297
2021-08-24 11:00:00,5,1,0.5505569259656122,0.5614035087719297
2021-08-24 12:00:00,5,0,0.00025141218042719685,0.0763888888888889
2021-08-24 13:00:00,5,0,0.9568091049614469,0.8181818181818182
2021-08-24 14:00:00,5,1,0.6135640574059258,0.6
2021-08-24 15:00:00,5,1,0.8462376580625853,0.7575757575757576
2021-08-24 16:00:00,5,1,0.07555357530690669,0.5614035087719297
2021-08-24 17:00:00,5,0,0.00041536214627355215,0.0763888888888889
2021-08-24 18:00:00,5,0,0.004720462075632126,0.21428571428571427
2021-08-24 19:00:00,5,0,3.107145200330988e-05,0.011904761904761904
2021-08-24 20:00:00,5,0,3.90626010680993e-06,0.011904761904761904
2021-08-24 21:00:00,5,0,4.675889884847629e-06,0.011904761904761904
2021-08-24 22:00:00,5,0,7.656307292902683e-06,0.011904761904761904
2021-08-24 23:00:00,5,0,6.1164564459903646e-06,0.011904761904761904
2021-08-25 00:00:00,5,0,2.6006385242508146e-05,0.011904761904761904
2021-08-25 01:00:00,5,0,2.5988839123321286e-05,0.011904761904761904
2021-08-25 02:00:00,5,0,7.796897513493589e-05,0.0763888888888889
2021-08-25 03:00:00,5,0,4.605042793819778e-05,0.05263157894736842
2021-08-25 04:00:00,5,0,2.5074675657758777e-05,0.011904761904761904
2021-08-25 05:00:00,5,0,4.74115270086214e-05,0.0763888888888889
2021-08-25 06:00:00,5,0,7.585687956816667e-05,0.0763888888888889
2021-08-25 07:00:00,5,0,0.0023236934675520383,0.21428571428571427
2021-08-25 08:00:00,5,0,0.8361915569407492,0.7575757575757576
2021-08-25 09:00:00,5,0,0.3882664610594464,0.5614035087719297
2021-08-25 10:00:00,5,1,0.7317991994502058,0.6
2021-08-25 11:00:00,5,0,0.9305285581822982,0.7575757575757576
2021-08-25 12:00:00,5,0,0.0009339818490103599,0.0763888888888889
2021-08-25 13:00:00,5,0,0.7709387454197344,0.7575757575757576
2021-08-25 14:00:00,5,0,0.16384702024589298,0.5614035087719297
2021-08-25 15:00:00,5,0,0.9302888771203126,0.7575757575757576
2021-08-25 16:00:00,5,0,0.05054776328443037,0.5
2021-08-25 17:00:00,5,0,7.58873181651231e-05,0.0763888888888889
2021-08-25 18:00:00,5,0,0.0032290054537838257,0.21428571428571427
2021-08-25 19:00:00,5,0,1.0058423760176896e-05,0.011904761904761904
2021-08-25 20:00:00,5,0,2.2972084124048896e-06,0.011904761904761904
2021-08-25 21:00:00,5,0,6.878766171067308e-06,0.011904761904761904
2021-08-25 22:00:00,5,0,1.7797271788718207e-06,0.011904761904761904
2021-08-25 23:00:00,5,0,6.929182823596118e-07,0.0
2021-08-26 00:00:00,5,0,3.683034265051272e-06,0.011904761904761904
2021-08-26 01:00:00,5,0,1.3004117099962518e-05,0.011904761904761904
2021-08-26 02:00:00,5,0,4.6827929464501354e-05,0.05263157894736842
2021-08-26 03:00:00,5,0,3.360254314369004e-05,0.011904761904761904
2021-08-26 04:00:00,5,0,2.889303955828749e-05,0.011904761904761904
2021-08-26 05:00:00,5,0,2.0561147075695212e-05,0.011904761904761904
2021-08-26 06:00:00,5,0,8.40350085672038e-05,0.0763888888888889
2021-08-26 07:00:00,5,0,0.00016867616523633724,0.0763888888888889
2021-08-26 08:00:00,5,1,0.897696097874601,0.7575757575757576
2021-08-26 09:00:00,5,1,0.7414540784623468,0.6
2021-08-26 10:00:00,5,1,0.15012068270825604,0.5614035087719297
2021-08-26 11:00:00,5,1,0.7886188742132239,0.7575757575757576
2021-08-26 12:00:00,5,0,6.140626501246935e-05,0.0763888888888889
2021-08-26 13:00:00,5,1,0.07638891557508001,0.5614035087719297
2021-08-26 14:00:00,5,1,0.23289914644999213,0.5614035087719297
2021-08-26 15:00:00,5,1,0.24117587889168568,0.5614035087719297
2021-08-26 16:00:00,5,0,0.15210844107536453,0.5614035087719297
2021-08-26 17:00:00,5,0,0.000861365127482567,0.0763888888888889
2021-08-26 18:00:00,5,0,0.06898210365388259,0.5614035087719297
2021-08-26 19:00:00,5,0,4.5535089834981905e-05,0.05263157894736842
2021-08-26 20:00:00,5,0,1.2490702461891372e-05,0.011904761904761904
2021-08-26 21:00:00,5,0,3.332306780204057e-06,0.011904761904761904
2021-08-26 22:00:00,5,0,2.275686786416288e-05,0.011904761904761904
2021-08-26 23:00:00,5,0,1.8067699200012851e-06,0.011904761904761904
2021-08-27 00:00:00,5,0,1.1383792729987015e-05,0.011904761904761904
2021-08-27 01:00:00,5,0,3.1298788893258855e-05,0.011904761904761904
2021-08-27 02:00:00,5,0,4.3758570777571004e-05,0.05263157894736842
2021-08-27 03:00:00,5,0,0.0001101012949878239,0.0763888888888889
2021-08-27 04:00:00,5,0,8.208964426144651e-05,0.0763888888888889
2021-08-27 05:00:00,5,0,8.419843024033722e-05,0.0763888888888889
2021-08-27 06:00:00,5,0,9.708044666277401e-05,0.0763888888888889
2021-08-27 07:00:00,5,0,0.00034663327133338507,0.0763888888888889
2021-08-27 08:00:00,5,1,0.9489604057607106,0.7575757575757576
2021-08-27 09:00:00,5,0,0.9526918181318078,0.8181818181818182
2021-08-27 10:00:00,5,0,0.914251409608324,0.7575757575757576
2021-08-27 11:00:00,5,0,0.39089582564306735,0.5614035087719297
2021-08-27 12:00:00,5,0,0.0664222712069622,0.5614035087719297
2021-08-27 13:00:00,5,0,0.9399765708029855,0.7575757575757576
2021-08-27 14:00:00,5,0,0.8480695552835301,0.7575757575757576
2021-08-27 15:00:00,5,0,0.8948992779836775,0.7575757575757576
2021-08-27 16:00:00,5,0,0.5516883218406494,0.5614035087719297
2021-08-27 17:00:00,5,0,0.05715521593688792,0.5614035087719297
2021-08-27 18:00:00,5,0,0.06387270601740748,0.5614035087719297
2021-08-27 19:00:00,5,0,0.0005248386705899224,0.0763888888888889
2021-08-27 20:00:00,5,0,5.2094163560137855e-06,0.011904761904761904
2021-08-27 21:00:00,5,0,3.7730940323677337e-06,0.011904761904761904
2021-08-27 22:00:00,5,0,2.623971702756455e-06,0.011904761904761904
2021-08-27 23:00:00,5,0,4.908624025435136e-06,0.011904761904761904
2021-08-28 00:00:00,5,0,3.5942467814749316e-05,0.011904761904761904
2021-08-28 01:00:00,5,0,1.1708654415284778e-05,0.011904761904761904
2021-08-28 02:00:00,5,0,4.278670494015254e-06,0.011904761904761904
2021-08-28 03:00:00,5,0,8.0755975253598e-06,0.011904761904761904
2021-08-28 04:00:00,5,0,3.422005981893964e-05,0.011904761904761904
2021-08-28 05:00:00,5,0,4.323528521668858e-05,0.05263157894736842
2021-08-28 06:00:00,5,0,6.529671224821118e-05,0.0763888888888889
2021-08-28 07:00:00,5,0,2.0059109444552185e-05,0.011904761904761904
2021-08-28 08:00:00,5,0,0.0004418626410869315,0.0763888888888889
2021-08-28 09:00:00,5,0,0.0029256993466764045,0.21428571428571427
2021-08-28 10:00:00,5,0,0.00033843854916307573,0.0763888888888889
2021-08-28 11:00:00,5,0,0.0005065826253171173,0.0763888888888889
2021-08-28 12:00:00,5,0,5.1356144390663516e-05,0.0763888888888889
2021-08-28 13:00:00,5,0,0.0005985788611646669,0.0763888888888889
2021-08-28 14:00:00,5,0,0.000436222468695285,0.0763888888888889
2021-08-28 15:00:00,5,0,0.0014289325496326948,0.2
2021-08-28 16:00:00,5,0,0.00011605929942471635,0.0763888888888889
2021-08-28 17:00:00,5,0,6.166365388951305e-05,0.0763888888888889
2021-08-29 11:00:00,5,0,0.0009558790375237605,0.0763888888888889
2021-08-29 12:00:00,5,0,0.00015623439416136202,0.0763888888888889
2021-08-29 13:00:00,5,0,0.0008338900463651125,0.0763888888888889
2021-08-29 14:00:00,5,0,0.0006352774942850692,0.0763888888888889
2021-08-29 15:00:00,5,0,0.0003313518833105976,0.0763888888888889
2021-08-29 16:00:00,5,0,7.894750114067835e-05,0.0763888888888889
2021-08-29 17:00:00,5,0,2.7847553563070846e-05,0.011904761904761904
2021-08-29 18:00:00,5,0,8.20532367482733e-06,0.011904761904761904
2021-08-29 19:00:00,5,0,2.876547129446525e-06,0.011904761904761904
2021-08-29 20:00:00,5,0,2.6851956178070693e-06,0.011904761904761904
2021-08-29 21:00:00,5,0,2.672768998591947e-06,0.011904761904761904
2021-08-29 22:00:00,5,0,3.5532573632854242e-06,0.011904761904761904
2021-08-29 23:00:00,5,0,2.7411887960291567e-06,0.011904761904761904
2021-08-30 00:00:00,5,0,2.2607392856233285e-05,0.011904761904761904
2021-08-30 01:00:00,5,0,1.9719765820472354e-05,0.011904761904761904
2021-08-30 02:00:00,5,0,3.3589481285687105e-05,0.011904761904761904
2021-08-30 03:00:00,5,0,2.1916399140874196e-05,0.011904761904761904
2021-08-30 04:00:00,5,0,3.467813078062633e-05,0.011904761904761904
2021-08-30 05:00:00,5,0,3.0340104924401925e-05,0.011904761904761904
2021-08-30 06:00:00,5,0,2.9152154394983406e-05,0.011904761904761904
2021-08-30 07:00:00,5,0,0.00012927252393720226,0.0763888888888889
2021-08-30 08:00:00,5,0,0.9277240558779625,0.7575757575757576
2021-08-30 09:00:00,5,0,0.5814352664160315,0.5967465741614623
2021-08-30 10:00:00,5,0,0.9827882189550905,0.8181818181818182
2021-08-30 11:00:00,5,0,0.8909092192617439,0.7575757575757576
2021-08-30 12:00:00,5,0,0.016194988264212066,0.43333333333333335
2021-08-30 13:00:00,5,0,0.6155918585974887,0.6
2021-08-30 14:00:00,5,0,0.7747592025445503,0.7575757575757576
2021-08-30 15:00:00,5,0,0.18042229176654995,0.5614035087719297
2021-08-30 16:00:00,5,0,0.20618664661611905,0.5614035087719297
2021-08-30 17:00:00,5,0,0.0045075900349882975,0.21428571428571427
2021-08-30 18:00:00,5,0,0.002736392235934455,0.21428571428571427
2021-08-30 19:00:00,5,0,3.800360795946202e-06,0.011904761904761904
2021-08-30 20:00:00,5,0,3.5162673173665463e-06,0.011904761904761904
2021-08-30 21:00:00,5,0,4.36893900808628e-06,0.011904761904761904
2021-08-30 22:00:00,5,0,4.819945773588927e-06,0.011904761904761904
2021-08-30 23:00:00,5,0,5.291277347461069e-06,0.011904761904761904
2021-08-31 00:00:00,5,0,9.603943385565429e-06,0.011904761904761904
2021-08-31 01:00:00,5,0,1.7498572253614565e-05,0.011904761904761904
2021-08-31 02:00:00,5,0,3.596226296036272e-05,0.011904761904761904
2021-08-31 03:00:00,5,0,2.5168980971467807e-05,0.011904761904761904
2021-08-31 04:00:00,5,0,2.3284835197973755e-05,0.011904761904761904
2021-08-31 05:00:00,5,0,2.1046424792803687e-05,0.011904761904761904
2021-08-31 06:00:00,5,0,4.389754836877271e-05,0.05263157894736842
2021-08-31 07:00:00,5,0,5.228728364072092e-05,0.0763888888888889
2021-08-31 08:00:00,5,0,0.08863325035750837,0.5614035087719297
2021-08-31 09:00:00,5,0,0.027259691758325478,0.43333333333333335
2021-08-31 10:00:00,5,1,0.11772632783273362,0.5614035087719297
2021-08-31 11:00:00,5,0,0.09332555567327228,0.5614035087719297
2021-08-31 12:00:00,5,0,0.001492032147483859,0.2
2021-08-31 13:00:00,5,0,0.17301518509514482,0.5614035087719297
2021-08-31 14:00:00,5,1,0.3110494548600766,0.5614035087719297
2021-08-31 15:00:00,5,0,0.023181619753355774,0.43333333333333335
2021-08-31 16:00:00,5,0,0.0005097635659885572,0.0763888888888889
2021-08-31 17:00:00,5,0,4.038578823782404e-05,0.05263157894736842
2021-08-31 18:00:00,5,0,4.2355906752519095e-05,0.05263157894736842
2021-08-31 19:00:00,5,0,5.573590230149787e-06,0.011904761904761904
2021-08-31 20:00:00,5,0,8.528436556449475e-07,0.0
2021-08-31 21:00:00,5,0,1.5458106167988572e-06,0.0
2021-08-31 22:00:00,5,0,1.6889099489999928e-06,0.011904761904761904
2021-08-31 23:00:00,5,0,3.7706163559550865e-07,0.0
