번들,모드,bundle_id,파일,sha256,bytes,트리수,학습행수
eval,FULL,eval-full-236dd9888c33,calibrator_isotonic.json,20e5f349291c2bda452756d87b7592400749dd910c3b9957311fa7544b48b252,1527,0,5599
eval,FULL,eval-full-236dd9888c33,fallback_y_avg.lgb,dab2818d8a05022bb0c12a7a72c7be001085137ad22e8a6d65f621624b568244,2227837,800,5599
eval,FULL,eval-full-236dd9888c33,fallback_y_peak.lgb,31fd2604963aa16579b2c60ae4e913c93dda5ac3bb4b1772144b9b9f0c888ebd,2240453,800,5599
eval,FULL,eval-full-236dd9888c33,gate.lgb,df9bc31eda0cf8c67751668e224d9e17d28a986388a79999ee62b256ad4518db,2443110,1200,5599
eval,FULL,eval-full-236dd9888c33,golden.json,53ea08a31b52e8afdde714cb4f24da965b688f4dc6fb5d5b34185191ddded4cd,92194,0,5599
eval,FULL,eval-full-236dd9888c33,interval_q10.lgb,27e403b940cc336378399a444d36175f8fe6ff141ac035a9e976a78da6524576,2280805,800,5599
eval,FULL,eval-full-236dd9888c33,interval_q50.lgb,daf38f826035a4fa0f71b25fe91f5be4c6e11f7e2ac9f4945c3da043184c7a1c,2245741,800,5599
eval,FULL,eval-full-236dd9888c33,interval_q90.lgb,8b66c52f0784298e49034609e2458dfdd53f92c382774c1721e5c9d03fdd5499,2274234,800,5599
eval,FULL,eval-full-236dd9888c33,peak_clf.lgb,42deb53743d9a7b600760310063938ef926a74065e9f565b35cbe49355b84c78,1018142,800,5599
eval,FULL,eval-full-236dd9888c33,reg_y_avg_r0.lgb,06795730fb51a535e7c7874e93d988464a24edebe7e81875660939f57e7c82b6,2245034,800,5599
eval,FULL,eval-full-236dd9888c33,reg_y_avg_r1.lgb,571ef9b2e7ff102189d13060139ec84a53dfc5a4fdb265c826a61898b7c7c7e1,542790,800,5599
eval,FULL,eval-full-236dd9888c33,reg_y_avg_r2.lgb,d991885233603e5d6eaa9e18cd20958380d692be58d7fc9fbae2018cba2145a6,2228740,800,5599
eval,FULL,eval-full-236dd9888c33,reg_y_peak_r0.lgb,18ac2707c9f97ef110278a576af05a6e7a55410c4c5488839c8bf9ce5741bbd0,2236882,800,5599
eval,FULL,eval-full-236dd9888c33,reg_y_peak_r1.lgb,1a257ca9010a809c1f6fdabf3e8b46934b7136dda81592964e2390889a9399ce,540117,800,5599
eval,FULL,eval-full-236dd9888c33,reg_y_peak_r2.lgb,d39b42510091b73163340a222ec340e744e3d87112de7612315873b1e7a86e3a,2227126,800,5599
eval,FULL,eval-full-236dd9888c33,manifest.json,2d06f4e79f541ae5fd87b7e0614a26283ed9359ca9254325b07abb75bca06457,8212,0,5599
deploy,FULL,deploy-full-6efaf40b3875,calibrator_isotonic.json,20e5f349291c2bda452756d87b7592400749dd910c3b9957311fa7544b48b252,1527,0,5935
deploy,FULL,deploy-full-6efaf40b3875,fallback_y_avg.lgb,ff7512a20c08ecdc0abe3d8215e672e13d1ee1b8b4cad76e6ba9175fee1dca13,2228851,800,5935
deploy,FULL,deploy-full-6efaf40b3875,fallback_y_peak.lgb,be0b76df6a38de70f6bcb942d35fd551b185e56900605bef21c46b301897f8ad,2226346,800,5935
deploy,FULL,deploy-full-6efaf40b3875,gate.lgb,0fdcd2f78aae1b81fa0e1689bed5db08fb464c9e46aa92057bb61df1746fcaaf,2503530,1200,5935
deploy,FULL,deploy-full-6efaf40b3875,golden.json,420a0ddce3e574cc5763f14a4a498828cb53d07c02b8a89d7c5225eb29ef7570,92203,0,5935
deploy,FULL,deploy-full-6efaf40b3875,interval_q10.lgb,a6ad0a205fab394f12dc5fb96bf59fb8c27384bc2d23aa199e66ed5071c7933a,2280492,800,5935
deploy,FULL,deploy-full-6efaf40b3875,interval_q50.lgb,de69130eccc40c96c5eb0710cee9abe6f3af6f0a505bdf8ff7a0f4384b7b561f,2238502,800,5935
deploy,FULL,deploy-full-6efaf40b3875,interval_q90.lgb,af1c7f2c3c61c93e42c773791278cbec8777a199653d850d6431410a318c3810,2273699,800,5935
deploy,FULL,deploy-full-6efaf40b3875,peak_clf.lgb,ec052916400e0875e256238ed4674f8a470d7c31a5ca10ae317b04cae6bbe410,1031141,800,5935
deploy,FULL,deploy-full-6efaf40b3875,reg_y_avg_r0.lgb,5c5bea0f8a8056fa8040a0e086f3a1744885ea2a32c1b7406caa70d911e109ec,2245897,800,5935
deploy,FULL,deploy-full-6efaf40b3875,reg_y_avg_r1.lgb,e0b2f6e0bc568fcba6d094a9ee6e9949f2987a90e32c48da4c383c46aeff0858,582787,800,5935
deploy,FULL,deploy-full-6efaf40b3875,reg_y_avg_r2.lgb,1ee860636118c43f6f69988dc13c67f3c04fcf121a3ea433da9c8cd4b6fb320a,2225909,800,5935
deploy,FULL,deploy-full-6efaf40b3875,reg_y_peak_r0.lgb,9e1d18d1d6795ec372ed181f7bd416f8d0553b37a49159907650be44b7fad9de,2237427,800,5935
deploy,FULL,deploy-full-6efaf40b3875,reg_y_peak_r1.lgb,9ec7bea47c416463c2817ae9afe0fed6343246fd4ebada11b5c2618780ef236f,582529,800,5935
deploy,FULL,deploy-full-6efaf40b3875,reg_y_peak_r2.lgb,751d26e8f6809e3f43a04ab97045d520db15dd8f1f74ec34914a1661eda87f14,2227508,800,5935
deploy,FULL,deploy-full-6efaf40b3875,manifest.json,20e561728e174676aee46a162880871a05ffd490802141202cef253ac0903e0f,8149,0,5935
