날짜,시간,생산량,공장인원,기온,풍속,습도,강수량,평균
20210914,0,128,0.458781362,21.9,1.6,80,0.0,100
20210914,1,45,0.102272727,21.8,1.5,81,0.0,100
20210914,2,479,1.073991031,22.2,2.0,80,0.0,100
20210914,3,93,0.221957041,22.5,2.6,81,0.0,100
20210914,4,255,0.574324324,21.1,1.9,94,0.0,100
20210914,5,76,0.203753351,21.5,3.1,85,0.0,100
20210914,6,1228,2.842592593,21.3,2.8,85,0.0,100
20210914,7,1110,1.982142857,21.7,3.3,83,0.0,100
20210914,8,432,0.622478386,21.8,2.9,81,0.0,100
20210914,9,1672,2.521870287,21.3,2.9,95,0.0,100
20210914,10,840,1.379310345,21.2,2.9,98,2.1,100
20210914,11,2099,3.091310751,21.5,3.3,98,4.0,100
20210914,12,2791,5.913135593,21.0,2.8,98,6.2,100
20210914,13,1109,1.700920245,21.3,2.5,97,7.1,100
20210914,14,1023,1.616113744,21.5,2.9,92,7.2,100
20210914,15,1178,1.829192547,20.6,1.5,98,8.6,100
20210914,16,1395,2.186520376,21.7,2.5,95,9.1,100
20210914,17,230,0.469387755,21.8,2.8,91,9.1,100
20210914,18,973,1.539556962,20.9,3.5,94,9.1,100
20210914,19,1497,2.442088091,21.7,3.6,85,9.4,100
20210914,20,45,0.087890625,22.2,4.2,78,9.4,100
20210914,21,149,0.290448343,22.2,4.3,76,9.4,100
20210914,22,66,0.148984199,22.0,2.5,79,9.4,100
20210914,23,405,0.922551253,22.0,2.5,79,9.4,100
