ts,y_avg_pred,y_peak_pred,regime,peak_label,peak_prob,peak_prob_cal,peak_label_cls,q10,q50,q90,pi_lo,pi_hi
2021-09-14 00:00:00,74.00382953449494,80.01012282247491,2,0,1.2547268408440195e-05,0.008830022075055188,0,73.24377280312622,72.39718844013612,79.42227042893283,52.200632114583726,95.80702695440615
2021-09-14 01:00:00,108.68617636733855,116.03986172711625,2,0,1.1734781607737196e-05,0.008830022075055188,0,103.47698285573516,100.77239914539986,110.13933542657576,86.88297894742733,130.48937378724975
2021-09-14 02:00:00,111.97409263713351,114.95372616726294,2,0,1.0025209908213664e-05,0.008830022075055188,0,103.66891573240264,107.74027575529188,111.16201682643482,90.1708952172223,133.77729005704472
2021-09-14 03:00:00,107.54796840118054,114.25962865025768,2,0,1.843509927246948e-05,0.008830022075055188,0,100.57587088810494,108.628507442968,112.89041098281821,85.74477098126933,129.35116582109174
2021-09-14 04:00:00,110.95132661099467,115.09531664627151,2,0,5.193009169242352e-05,0.038461538461538464,0,105.15347826153517,109.15958534744442,113.95051850167935,89.14812919108346,132.75452403090588
2021-09-14 05:00:00,92.91411763974888,114.4745600343929,2,0,2.15771175413762e-05,0.008830022075055188,0,92.43410581288079,103.53564325527364,105.59110123763809,71.11092021983767,114.7173150596601
2021-09-14 06:00:00,108.01923318649223,117.34790185573361,2,0,6.545176123814556e-06,0.008830022075055188,0,97.28889954874055,109.17533063025283,118.76238126980118,86.21603576658102,129.82243060640343
2021-09-14 07:00:00,140.00011450722403,156.01516500362501,2,0,0.00010855920768108217,0.05357142857142857,0,139.43536153568394,138.8797471825544,144.7027017133354,118.19691708731281,161.80331192713524
2021-09-14 08:00:00,174.00782763772636,184.00337012807418,2,1,0.2484191116695894,0.4878048780487805,1,167.15575078806967,174.61742881160026,184.24404528225213,152.20463021781515,195.81102505763758
2021-09-14 09:00:00,168.2907955493816,177.98150247091735,2,1,0.14443209035472904,0.4375,1,169.48263054207098,178.64324530657547,178.32185781694625,146.4875981294704,190.09399296929283
2021-09-14 10:00:00,162.57907713528232,175.39311509124195,2,1,0.12588024379202084,0.4375,1,164.6283583564887,172.84798439991772,173.56242437054058,140.7758797153711,184.38227455519353
2021-09-14 11:00:00,169.99254660647134,179.97962918256775,2,1,0.10382057385016447,0.4375,1,169.12080600275448,175.1728933260497,180.48138841903088,148.18934918656012,191.79574402638255
2021-09-14 12:00:00,117.97383692470093,135.0274470914228,2,0,0.0002867965039691583,0.05357142857142857,0,116.015609303127,117.39875668134239,118.2445232371213,96.17063950478972,139.77703434461216
2021-09-14 13:00:00,164.3572432126908,172.9851986872266,2,0,0.0687637623362861,0.4375,1,167.5269053328301,176.93775807057153,179.31677978108115,142.5540457927796,186.16044063260202
2021-09-14 14:00:00,161.25798252231854,171.92328887348685,2,0,0.02063769365948198,0.37037037037037035,1,168.2659462231785,173.15380521315512,177.77730952944208,139.45478510240733,183.06117994222976
2021-09-14 15:00:00,160.86885342206423,174.9815782106534,2,1,0.01358609619046388,0.37037037037037035,1,160.8734561716405,163.1348583961657,170.40890153396242,139.06565600215302,182.67205084197545
2021-09-14 16:00:00,162.41519964442514,169.13922959219659,2,0,0.003593824694644306,0.19753086419753085,0,165.09102225435677,171.1368011746346,169.44105485691858,140.61200222451393,184.21839706433636
2021-09-14 17:00:00,123.8515461395668,155.21715230056049,2,0,0.00011917315761578547,0.05357142857142857,0,122.43591104946424,133.2509494100648,146.79121683817735,102.04834871965559,145.65474355947802
2021-09-14 18:00:00,157.8418816084652,163.9928699771897,2,0,9.923243276497556e-06,0.008830022075055188,0,153.23765889121464,157.24689921065186,166.71337489150113,136.038684188554,179.64507902837641
2021-09-14 19:00:00,152.89837215007987,165.25510097770112,2,0,2.916304104735263e-06,0.008830022075055188,0,145.61676515061544,154.02693365645092,168.97504656613134,131.09517473016865,174.70156956999108
2021-09-14 20:00:00,127.9460450763465,131.08498077070064,2,0,5.05391398244752e-06,0.008830022075055188,0,115.87230492790411,128.07972275453963,136.72170281395339,106.14284765643528,149.7492424962577
2021-09-14 21:00:00,127.85759981276343,131.95477239296815,2,0,1.7612400630941226e-06,0.008830022075055188,0,116.7765561584999,127.28332487243678,133.9295691056476,106.05440239285221,149.66079723267464
2021-09-14 22:00:00,111.20169212561879,119.9400883442732,2,0,4.2756752892108347e-07,0.0,0,107.4145211206761,113.6450314599799,115.5171634674448,89.39849470570758,133.00488954553
2021-09-14 23:00:00,109.45956253938513,119.0049952708704,2,0,1.1038953238863205e-06,0.0,0,106.5761408638383,109.16462630066354,111.29059593776283,87.65636511947392,131.26275995929635
